Date,Open,High,Low,Close,Adj Close,Volume,Date
2023-05-26 09:30:00-04:00,28.969999313354492,29.059999465942383,28.969999313354492,29.0,29.0,6826,2023-05-26 09:30:00-04:00
2023-05-26 09:31:00-04:00,29.0,29.020000457763672,29.0,29.020000457763672,29.020000457763672,1574,2023-05-26 09:31:00-04:00
2023-05-26 09:32:00-04:00,29.020000457763672,29.18000030517578,29.020000457763672,29.1200008392334,29.1200008392334,4944,2023-05-26 09:32:00-04:00
2023-05-26 09:33:00-04:00,29.1299991607666,29.1299991607666,29.059999465942383,29.075000762939453,29.075000762939453,760,2023-05-26 09:33:00-04:00
2023-05-26 09:34:00-04:00,29.145000457763672,29.200000762939453,29.145000457763672,29.1924991607666,29.1924991607666,1974,2023-05-26 09:34:00-04:00
2023-05-26 09:35:00-04:00,29.18000030517578,29.18000030517578,29.139999389648438,29.15999984741211,29.15999984741211,5153,2023-05-26 09:35:00-04:00
2023-05-26 09:36:00-04:00,29.170000076293945,29.209999084472656,29.170000076293945,29.190000534057617,29.190000534057617,4702,2023-05-26 09:36:00-04:00
2023-05-26 09:37:00-04:00,29.18000030517578,29.190000534057617,29.149999618530273,29.15999984741211,29.15999984741211,8005,2023-05-26 09:37:00-04:00
2023-05-26 09:38:00-04:00,29.155000686645508,29.170000076293945,29.139999389648438,29.170000076293945,29.170000076293945,8452,2023-05-26 09:38:00-04:00
2023-05-26 09:39:00-04:00,29.190000534057617,29.209999084472656,29.18000030517578,29.200000762939453,29.200000762939453,1849,2023-05-26 09:39:00-04:00
2023-05-26 09:40:00-04:00,29.200000762939453,29.200000762939453,29.15999984741211,29.184999465942383,29.184999465942383,7015,2023-05-26 09:40:00-04:00
2023-05-26 09:41:00-04:00,29.200000762939453,29.290000915527344,29.200000762939453,29.280000686645508,29.280000686645508,5504,2023-05-26 09:41:00-04:00
2023-05-26 09:42:00-04:00,29.280000686645508,29.399999618530273,29.260000228881836,29.3700008392334,29.3700008392334,36047,2023-05-26 09:42:00-04:00
2023-05-26 09:43:00-04:00,29.3799991607666,29.3799991607666,29.329999923706055,29.329999923706055,29.329999923706055,2971,2023-05-26 09:43:00-04:00
2023-05-26 09:44:00-04:00,29.31999969482422,29.350000381469727,29.31999969482422,29.350000381469727,29.350000381469727,1188,2023-05-26 09:44:00-04:00
2023-05-26 09:45:00-04:00,29.3799991607666,29.420000076293945,29.3799991607666,29.40999984741211,29.40999984741211,5504,2023-05-26 09:45:00-04:00
2023-05-26 09:46:00-04:00,29.40999984741211,29.40999984741211,29.329999923706055,29.329999923706055,29.329999923706055,4782,2023-05-26 09:46:00-04:00
2023-05-26 09:47:00-04:00,29.329999923706055,29.360000610351562,29.329999923706055,29.350000381469727,29.350000381469727,7482,2023-05-26 09:47:00-04:00
2023-05-26 09:48:00-04:00,29.350000381469727,29.350000381469727,29.260000228881836,29.270000457763672,29.270000457763672,5118,2023-05-26 09:48:00-04:00
2023-05-26 09:49:00-04:00,29.270000457763672,29.290000915527344,29.219999313354492,29.229999542236328,29.229999542236328,2515,2023-05-26 09:49:00-04:00
2023-05-26 09:50:00-04:00,29.235000610351562,29.2450008392334,29.219999313354492,29.229999542236328,29.229999542236328,4606,2023-05-26 09:50:00-04:00
2023-05-26 09:51:00-04:00,29.229999542236328,29.260000228881836,29.229999542236328,29.260000228881836,29.260000228881836,2751,2023-05-26 09:51:00-04:00
2023-05-26 09:52:00-04:00,29.25,29.260000228881836,29.239999771118164,29.260000228881836,29.260000228881836,2169,2023-05-26 09:52:00-04:00
2023-05-26 09:53:00-04:00,29.270000457763672,29.270000457763672,29.25,29.25,29.25,1214,2023-05-26 09:53:00-04:00
2023-05-26 09:54:00-04:00,29.219999313354492,29.229999542236328,29.219999313354492,29.229999542236328,29.229999542236328,751,2023-05-26 09:54:00-04:00
2023-05-26 09:55:00-04:00,29.260000228881836,29.28499984741211,29.260000228881836,29.28499984741211,29.28499984741211,1057,2023-05-26 09:55:00-04:00
2023-05-26 09:56:00-04:00,29.290000915527344,29.290000915527344,29.239999771118164,29.239999771118164,29.239999771118164,1748,2023-05-26 09:56:00-04:00
2023-05-26 09:57:00-04:00,29.239999771118164,29.28499984741211,29.239999771118164,29.28499984741211,29.28499984741211,2221,2023-05-26 09:57:00-04:00
2023-05-26 09:58:00-04:00,29.239999771118164,29.25,29.234899520874023,29.25,29.25,771,2023-05-26 09:58:00-04:00
2023-05-26 09:59:00-04:00,29.239999771118164,29.239999771118164,29.219999313354492,29.219999313354492,29.219999313354492,929,2023-05-26 09:59:00-04:00
2023-05-26 10:00:00-04:00,29.219999313354492,29.239999771118164,29.219999313354492,29.219999313354492,29.219999313354492,2355,2023-05-26 10:00:00-04:00
2023-05-26 10:01:00-04:00,29.219999313354492,29.219999313354492,29.209999084472656,29.209999084472656,29.209999084472656,543,2023-05-26 10:01:00-04:00
2023-05-26 10:02:00-04:00,29.190000534057617,29.190000534057617,29.149999618530273,29.15999984741211,29.15999984741211,4943,2023-05-26 10:02:00-04:00
2023-05-26 10:03:00-04:00,29.155000686645508,29.190000534057617,29.139999389648438,29.190000534057617,29.190000534057617,42068,2023-05-26 10:03:00-04:00
2023-05-26 10:04:00-04:00,29.19499969482422,29.219999313354492,29.190000534057617,29.209999084472656,29.209999084472656,13223,2023-05-26 10:04:00-04:00
2023-05-26 10:05:00-04:00,29.219999313354492,29.260000228881836,29.219999313354492,29.25,29.25,22721,2023-05-26 10:05:00-04:00
2023-05-26 10:06:00-04:00,29.25,29.270000457763672,29.239999771118164,29.260000228881836,29.260000228881836,15444,2023-05-26 10:06:00-04:00
2023-05-26 10:07:00-04:00,29.260000228881836,29.290000915527344,29.25,29.270000457763672,29.270000457763672,3651,2023-05-26 10:07:00-04:00
2023-05-26 10:08:00-04:00,29.270000457763672,29.280000686645508,29.25,29.260000228881836,29.260000228881836,5652,2023-05-26 10:08:00-04:00
2023-05-26 10:09:00-04:00,29.270000457763672,29.350000381469727,29.270000457763672,29.350000381469727,29.350000381469727,22027,2023-05-26 10:09:00-04:00
2023-05-26 10:10:00-04:00,29.350000381469727,29.350000381469727,29.309999465942383,29.309999465942383,29.309999465942383,5875,2023-05-26 10:10:00-04:00
2023-05-26 10:11:00-04:00,29.309999465942383,29.329999923706055,29.299999237060547,29.299999237060547,29.299999237060547,1051,2023-05-26 10:11:00-04:00
2023-05-26 10:12:00-04:00,29.299999237060547,29.299999237060547,29.28499984741211,29.290000915527344,29.290000915527344,6351,2023-05-26 10:12:00-04:00
2023-05-26 10:13:00-04:00,29.290000915527344,29.309999465942383,29.280000686645508,29.290000915527344,29.290000915527344,17289,2023-05-26 10:13:00-04:00
2023-05-26 10:14:00-04:00,29.290000915527344,29.299999237060547,29.290000915527344,29.299999237060547,29.299999237060547,7759,2023-05-26 10:14:00-04:00
2023-05-26 10:15:00-04:00,29.309999465942383,29.334999084472656,29.309999465942383,29.334999084472656,29.334999084472656,4051,2023-05-26 10:15:00-04:00
2023-05-26 10:16:00-04:00,29.34000015258789,29.34000015258789,29.34000015258789,29.34000015258789,29.34000015258789,750,2023-05-26 10:16:00-04:00
2023-05-26 10:17:00-04:00,29.34000015258789,29.3700008392334,29.329999923706055,29.364999771118164,29.364999771118164,16103,2023-05-26 10:17:00-04:00
2023-05-26 10:18:00-04:00,29.360000610351562,29.360000610351562,29.334999084472656,29.34000015258789,29.34000015258789,28499,2023-05-26 10:18:00-04:00
2023-05-26 10:19:00-04:00,29.350000381469727,29.360000610351562,29.34000015258789,29.354999542236328,29.354999542236328,3821,2023-05-26 10:19:00-04:00
2023-05-26 10:20:00-04:00,29.364999771118164,29.364999771118164,29.34000015258789,29.34000015258789,29.34000015258789,79168,2023-05-26 10:20:00-04:00
2023-05-26 10:21:00-04:00,29.344999313354492,29.350000381469727,29.344999313354492,29.350000381469727,29.350000381469727,1412,2023-05-26 10:21:00-04:00
2023-05-26 10:22:00-04:00,29.360000610351562,29.360000610351562,29.309999465942383,29.309999465942383,29.309999465942383,2904,2023-05-26 10:22:00-04:00
2023-05-26 10:23:00-04:00,29.309999465942383,29.34000015258789,29.309999465942383,29.325000762939453,29.325000762939453,1564,2023-05-26 10:23:00-04:00
2023-05-26 10:24:00-04:00,29.31999969482422,29.34000015258789,29.31999969482422,29.334999084472656,29.334999084472656,1525,2023-05-26 10:24:00-04:00
2023-05-26 10:25:00-04:00,29.34000015258789,29.3799991607666,29.34000015258789,29.350000381469727,29.350000381469727,1952,2023-05-26 10:25:00-04:00
2023-05-26 10:26:00-04:00,29.350000381469727,29.350000381469727,29.309999465942383,29.350000381469727,29.350000381469727,3884,2023-05-26 10:26:00-04:00
2023-05-26 10:27:00-04:00,29.350000381469727,29.360000610351562,29.350000381469727,29.360000610351562,29.360000610351562,507,2023-05-26 10:27:00-04:00
2023-05-26 10:28:00-04:00,29.3700008392334,29.3700008392334,29.34000015258789,29.34000015258789,29.34000015258789,3007,2023-05-26 10:28:00-04:00
2023-05-26 10:29:00-04:00,29.350000381469727,29.350000381469727,29.334999084472656,29.334999084472656,29.334999084472656,1308,2023-05-26 10:29:00-04:00
2023-05-26 10:30:00-04:00,29.34000015258789,29.350000381469727,29.299999237060547,29.299999237060547,29.299999237060547,2128,2023-05-26 10:30:00-04:00
2023-05-26 10:31:00-04:00,29.290000915527344,29.34000015258789,29.270000457763672,29.309999465942383,29.309999465942383,39884,2023-05-26 10:31:00-04:00
2023-05-26 10:32:00-04:00,29.31999969482422,29.329999923706055,29.30500030517578,29.325000762939453,29.325000762939453,53628,2023-05-26 10:32:00-04:00
2023-05-26 10:33:00-04:00,29.329999923706055,29.329999923706055,29.309999465942383,29.309999465942383,29.309999465942383,1345,2023-05-26 10:33:00-04:00
2023-05-26 10:34:00-04:00,29.299999237060547,29.299999237060547,29.299999237060547,29.299999237060547,29.299999237060547,318,2023-05-26 10:34:00-04:00
2023-05-26 10:35:00-04:00,29.280000686645508,29.280000686645508,29.229999542236328,29.239999771118164,29.239999771118164,1844,2023-05-26 10:35:00-04:00
2023-05-26 10:36:00-04:00,29.239999771118164,29.25,29.235000610351562,29.25,29.25,2566,2023-05-26 10:36:00-04:00
2023-05-26 10:37:00-04:00,29.239999771118164,29.239999771118164,29.209999084472656,29.239999771118164,29.239999771118164,4364,2023-05-26 10:37:00-04:00
2023-05-26 10:38:00-04:00,29.239999771118164,29.25,29.235000610351562,29.25,29.25,2490,2023-05-26 10:38:00-04:00
2023-05-26 10:39:00-04:00,29.25,29.25,29.200000762939453,29.200000762939453,29.200000762939453,2205,2023-05-26 10:39:00-04:00
2023-05-26 10:40:00-04:00,29.200000762939453,29.200000762939453,29.19499969482422,29.200000762939453,29.200000762939453,1474,2023-05-26 10:40:00-04:00
2023-05-26 10:41:00-04:00,29.18000030517578,29.219999313354492,29.174999237060547,29.219999313354492,29.219999313354492,2938,2023-05-26 10:41:00-04:00
2023-05-26 10:42:00-04:00,29.209999084472656,29.209999084472656,29.209999084472656,29.209999084472656,29.209999084472656,557,2023-05-26 10:42:00-04:00
2023-05-26 10:43:00-04:00,29.184999465942383,29.209999084472656,29.18000030517578,29.18000030517578,29.18000030517578,20551,2023-05-26 10:43:00-04:00
2023-05-26 10:44:00-04:00,29.18000030517578,29.200000762939453,29.18000030517578,29.190000534057617,29.190000534057617,9786,2023-05-26 10:44:00-04:00
2023-05-26 10:45:00-04:00,29.190000534057617,29.19499969482422,29.18000030517578,29.190000534057617,29.190000534057617,4884,2023-05-26 10:45:00-04:00
2023-05-26 10:46:00-04:00,29.18000030517578,29.200000762939453,29.170000076293945,29.18000030517578,29.18000030517578,8474,2023-05-26 10:46:00-04:00
2023-05-26 10:47:00-04:00,29.184999465942383,29.19499969482422,29.174999237060547,29.18000030517578,29.18000030517578,8028,2023-05-26 10:47:00-04:00
2023-05-26 10:48:00-04:00,29.190000534057617,29.200000762939453,29.190000534057617,29.190000534057617,29.190000534057617,2475,2023-05-26 10:48:00-04:00
2023-05-26 10:49:00-04:00,29.184999465942383,29.209999084472656,29.18000030517578,29.209999084472656,29.209999084472656,2968,2023-05-26 10:49:00-04:00
2023-05-26 10:50:00-04:00,29.21500015258789,29.219999313354492,29.200000762939453,29.219999313354492,29.219999313354492,2227,2023-05-26 10:50:00-04:00
2023-05-26 10:51:00-04:00,29.209999084472656,29.209999084472656,29.200000762939453,29.209999084472656,29.209999084472656,3604,2023-05-26 10:51:00-04:00
2023-05-26 10:52:00-04:00,29.190000534057617,29.190000534057617,29.18000030517578,29.18000030517578,29.18000030517578,2213,2023-05-26 10:52:00-04:00
2023-05-26 10:53:00-04:00,29.18000030517578,29.190000534057617,29.174999237060547,29.190000534057617,29.190000534057617,5749,2023-05-26 10:53:00-04:00
2023-05-26 10:54:00-04:00,29.190000534057617,29.209999084472656,29.190000534057617,29.200000762939453,29.200000762939453,1647,2023-05-26 10:54:00-04:00
2023-05-26 10:55:00-04:00,29.200000762939453,29.200000762939453,29.200000762939453,29.200000762939453,29.200000762939453,1488,2023-05-26 10:55:00-04:00
2023-05-26 10:56:00-04:00,29.200000762939453,29.229999542236328,29.200000762939453,29.209999084472656,29.209999084472656,4051,2023-05-26 10:56:00-04:00
2023-05-26 10:57:00-04:00,29.209999084472656,29.239999771118164,29.209999084472656,29.229999542236328,29.229999542236328,837,2023-05-26 10:57:00-04:00
2023-05-26 10:58:00-04:00,29.229999542236328,29.239999771118164,29.229999542236328,29.239999771118164,29.239999771118164,831,2023-05-26 10:58:00-04:00
2023-05-26 10:59:00-04:00,29.239999771118164,29.239999771118164,29.229999542236328,29.229999542236328,29.229999542236328,1629,2023-05-26 10:59:00-04:00
2023-05-26 11:00:00-04:00,29.229999542236328,29.260000228881836,29.229999542236328,29.2450008392334,29.2450008392334,2787,2023-05-26 11:00:00-04:00
2023-05-26 11:01:00-04:00,29.25,29.25,29.2450008392334,29.2450008392334,29.2450008392334,824,2023-05-26 11:01:00-04:00
2023-05-26 11:03:00-04:00,29.25,29.25,29.25,29.25,29.25,2530,2023-05-26 11:03:00-04:00
2023-05-26 11:04:00-04:00,29.264999389648438,29.264999389648438,29.239999771118164,29.25,29.25,4309,2023-05-26 11:04:00-04:00
2023-05-26 11:05:00-04:00,29.2450008392334,29.25,29.2450008392334,29.25,29.25,1644,2023-05-26 11:05:00-04:00
2023-05-26 11:06:00-04:00,29.2450008392334,29.2450008392334,29.200000762939453,29.219999313354492,29.219999313354492,3849,2023-05-26 11:06:00-04:00
2023-05-26 11:07:00-04:00,29.229999542236328,29.280000686645508,29.229999542236328,29.280000686645508,29.280000686645508,2676,2023-05-26 11:07:00-04:00
2023-05-26 11:08:00-04:00,29.28499984741211,29.290000915527344,29.270000457763672,29.280000686645508,29.280000686645508,6123,2023-05-26 11:08:00-04:00
2023-05-26 11:09:00-04:00,29.280000686645508,29.280000686645508,29.25,29.25,29.25,2184,2023-05-26 11:09:00-04:00
2023-05-26 11:10:00-04:00,29.239999771118164,29.25,29.239999771118164,29.239999771118164,29.239999771118164,1143,2023-05-26 11:10:00-04:00
2023-05-26 11:11:00-04:00,29.25,29.2549991607666,29.229999542236328,29.229999542236328,29.229999542236328,2062,2023-05-26 11:11:00-04:00
2023-05-26 11:12:00-04:00,29.239999771118164,29.239999771118164,29.190000534057617,29.190000534057617,29.190000534057617,2740,2023-05-26 11:12:00-04:00
2023-05-26 11:13:00-04:00,29.190000534057617,29.200000762939453,29.18000030517578,29.200000762939453,29.200000762939453,5089,2023-05-26 11:13:00-04:00
2023-05-26 11:14:00-04:00,29.209999084472656,29.229999542236328,29.209999084472656,29.229999542236328,29.229999542236328,1095,2023-05-26 11:14:00-04:00
2023-05-26 11:15:00-04:00,29.227500915527344,29.239999771118164,29.227500915527344,29.239999771118164,29.239999771118164,1689,2023-05-26 11:15:00-04:00
2023-05-26 11:16:00-04:00,29.235000610351562,29.239999771118164,29.229999542236328,29.229999542236328,29.229999542236328,491,2023-05-26 11:16:00-04:00
2023-05-26 11:17:00-04:00,29.229999542236328,29.25,29.229999542236328,29.239999771118164,29.239999771118164,1779,2023-05-26 11:17:00-04:00
2023-05-26 11:18:00-04:00,29.219999313354492,29.25,29.219999313354492,29.25,29.25,1797,2023-05-26 11:18:00-04:00
2023-05-26 11:19:00-04:00,29.25,29.25,29.235000610351562,29.25,29.25,2763,2023-05-26 11:19:00-04:00
2023-05-26 11:20:00-04:00,29.260000228881836,29.270000457763672,29.239999771118164,29.25,29.25,4723,2023-05-26 11:20:00-04:00
2023-05-26 11:21:00-04:00,29.225000381469727,29.229999542236328,29.219999313354492,29.229999542236328,29.229999542236328,776,2023-05-26 11:21:00-04:00
2023-05-26 11:22:00-04:00,29.235000610351562,29.239999771118164,29.235000610351562,29.239999771118164,29.239999771118164,652,2023-05-26 11:22:00-04:00
2023-05-26 11:23:00-04:00,29.2450008392334,29.2450008392334,29.21500015258789,29.219999313354492,29.219999313354492,2660,2023-05-26 11:23:00-04:00
2023-05-26 11:24:00-04:00,29.219999313354492,29.225000381469727,29.21500015258789,29.21500015258789,29.21500015258789,937,2023-05-26 11:24:00-04:00
2023-05-26 11:25:00-04:00,29.219999313354492,29.219999313354492,29.21500015258789,29.21500015258789,29.21500015258789,835,2023-05-26 11:25:00-04:00
2023-05-26 11:26:00-04:00,29.219999313354492,29.2549991607666,29.219999313354492,29.2549991607666,29.2549991607666,5791,2023-05-26 11:26:00-04:00
2023-05-26 11:27:00-04:00,29.260000228881836,29.270000457763672,29.2549991607666,29.2549991607666,29.2549991607666,959,2023-05-26 11:27:00-04:00
2023-05-26 11:28:00-04:00,29.25,29.25,29.235000610351562,29.239999771118164,29.239999771118164,1110,2023-05-26 11:28:00-04:00
2023-05-26 11:29:00-04:00,29.239999771118164,29.239999771118164,29.229999542236328,29.229999542236328,29.229999542236328,4014,2023-05-26 11:29:00-04:00
2023-05-26 11:30:00-04:00,29.229999542236328,29.229999542236328,29.209999084472656,29.209999084472656,29.209999084472656,1199,2023-05-26 11:30:00-04:00
2023-05-26 11:31:00-04:00,29.219999313354492,29.219999313354492,29.209999084472656,29.21500015258789,29.21500015258789,847,2023-05-26 11:31:00-04:00
2023-05-26 11:32:00-04:00,29.219999313354492,29.239999771118164,29.219999313354492,29.229999542236328,29.229999542236328,1303,2023-05-26 11:32:00-04:00
2023-05-26 11:33:00-04:00,29.225000381469727,29.25,29.225000381469727,29.235000610351562,29.235000610351562,2052,2023-05-26 11:33:00-04:00
2023-05-26 11:34:00-04:00,29.239999771118164,29.280000686645508,29.229999542236328,29.280000686645508,29.280000686645508,2211,2023-05-26 11:34:00-04:00
2023-05-26 11:35:00-04:00,29.280000686645508,29.28499984741211,29.270000457763672,29.270000457763672,29.270000457763672,2842,2023-05-26 11:35:00-04:00
2023-05-26 11:36:00-04:00,29.274999618530273,29.299999237060547,29.274999618530273,29.290000915527344,29.290000915527344,2625,2023-05-26 11:36:00-04:00
2023-05-26 11:38:00-04:00,29.270000457763672,29.270000457763672,29.260000228881836,29.270000457763672,29.270000457763672,4757,2023-05-26 11:38:00-04:00
2023-05-26 11:39:00-04:00,29.270000457763672,29.280000686645508,29.270000457763672,29.280000686645508,29.280000686645508,2206,2023-05-26 11:39:00-04:00
2023-05-26 11:40:00-04:00,29.280000686645508,29.280000686645508,29.2450008392334,29.25,29.25,2558,2023-05-26 11:40:00-04:00
2023-05-26 11:41:00-04:00,29.270000457763672,29.299999237060547,29.270000457763672,29.290000915527344,29.290000915527344,3765,2023-05-26 11:41:00-04:00
2023-05-26 11:42:00-04:00,29.290000915527344,29.290000915527344,29.264999389648438,29.270000457763672,29.270000457763672,1613,2023-05-26 11:42:00-04:00
2023-05-26 11:43:00-04:00,29.280000686645508,29.280000686645508,29.280000686645508,29.280000686645508,29.280000686645508,335,2023-05-26 11:43:00-04:00
2023-05-26 11:44:00-04:00,29.270000457763672,29.270000457763672,29.270000457763672,29.270000457763672,29.270000457763672,1336,2023-05-26 11:44:00-04:00
2023-05-26 11:45:00-04:00,29.290000915527344,29.299999237060547,29.270000457763672,29.270000457763672,29.270000457763672,5205,2023-05-26 11:45:00-04:00
2023-05-26 11:46:00-04:00,29.264999389648438,29.270000457763672,29.260000228881836,29.270000457763672,29.270000457763672,1301,2023-05-26 11:46:00-04:00
2023-05-26 11:47:00-04:00,29.270000457763672,29.270000457763672,29.270000457763672,29.270000457763672,29.270000457763672,1125,2023-05-26 11:47:00-04:00
2023-05-26 11:48:00-04:00,29.270000457763672,29.270000457763672,29.270000457763672,29.270000457763672,29.270000457763672,1072,2023-05-26 11:48:00-04:00
2023-05-26 11:49:00-04:00,29.260000228881836,29.280000686645508,29.260000228881836,29.260000228881836,29.260000228881836,5669,2023-05-26 11:49:00-04:00
2023-05-26 11:50:00-04:00,29.260000228881836,29.260000228881836,29.2549991607666,29.2549991607666,29.2549991607666,202,2023-05-26 11:50:00-04:00
2023-05-26 11:51:00-04:00,29.25,29.264999389648438,29.25,29.260000228881836,29.260000228881836,1548,2023-05-26 11:51:00-04:00
2023-05-26 11:52:00-04:00,29.264999389648438,29.264999389648438,29.264999389648438,29.264999389648438,29.264999389648438,202,2023-05-26 11:52:00-04:00
2023-05-26 11:53:00-04:00,29.260000228881836,29.274999618530273,29.25,29.264999389648438,29.264999389648438,2368,2023-05-26 11:53:00-04:00
2023-05-26 11:54:00-04:00,29.264999389648438,29.270000457763672,29.260000228881836,29.260000228881836,29.260000228881836,3640,2023-05-26 11:54:00-04:00
2023-05-26 11:56:00-04:00,29.25,29.25,29.25,29.25,29.25,396,2023-05-26 11:56:00-04:00
2023-05-26 11:57:00-04:00,29.219999313354492,29.219999313354492,29.190000534057617,29.190000534057617,29.190000534057617,1890,2023-05-26 11:57:00-04:00
2023-05-26 11:58:00-04:00,29.190000534057617,29.200000762939453,29.190000534057617,29.200000762939453,29.200000762939453,1158,2023-05-26 11:58:00-04:00
2023-05-26 11:59:00-04:00,29.209999084472656,29.209999084472656,29.200000762939453,29.200000762939453,29.200000762939453,1634,2023-05-26 11:59:00-04:00
2023-05-26 12:00:00-04:00,29.21500015258789,29.219999313354492,29.21500015258789,29.219999313354492,29.219999313354492,406,2023-05-26 12:00:00-04:00
2023-05-26 12:01:00-04:00,29.229999542236328,29.239999771118164,29.229999542236328,29.229999542236328,29.229999542236328,5379,2023-05-26 12:01:00-04:00
2023-05-26 12:02:00-04:00,29.204999923706055,29.209999084472656,29.204999923706055,29.209999084472656,29.209999084472656,595,2023-05-26 12:02:00-04:00
2023-05-26 12:03:00-04:00,29.209999084472656,29.219999313354492,29.200000762939453,29.21500015258789,29.21500015258789,1181,2023-05-26 12:03:00-04:00
2023-05-26 12:04:00-04:00,29.229999542236328,29.239999771118164,29.229999542236328,29.239999771118164,29.239999771118164,1075,2023-05-26 12:04:00-04:00
2023-05-26 12:05:00-04:00,29.235000610351562,29.260000228881836,29.235000610351562,29.260000228881836,29.260000228881836,1037,2023-05-26 12:05:00-04:00
2023-05-26 12:06:00-04:00,29.25,29.270000457763672,29.25,29.25,29.25,2623,2023-05-26 12:06:00-04:00
2023-05-26 12:07:00-04:00,29.25,29.260000228881836,29.25,29.260000228881836,29.260000228881836,1165,2023-05-26 12:07:00-04:00
2023-05-26 12:08:00-04:00,29.270000457763672,29.280000686645508,29.270000457763672,29.280000686645508,29.280000686645508,3984,2023-05-26 12:08:00-04:00
2023-05-26 12:09:00-04:00,29.280000686645508,29.280000686645508,29.270000457763672,29.280000686645508,29.280000686645508,2496,2023-05-26 12:09:00-04:00
2023-05-26 12:10:00-04:00,29.280000686645508,29.290000915527344,29.274999618530273,29.290000915527344,29.290000915527344,2434,2023-05-26 12:10:00-04:00
2023-05-26 12:11:00-04:00,29.280000686645508,29.280000686645508,29.264999389648438,29.264999389648438,29.264999389648438,1570,2023-05-26 12:11:00-04:00
2023-05-26 12:12:00-04:00,29.270000457763672,29.280000686645508,29.270000457763672,29.274999618530273,29.274999618530273,1326,2023-05-26 12:12:00-04:00
2023-05-26 12:13:00-04:00,29.28499984741211,29.290000915527344,29.274999618530273,29.280000686645508,29.280000686645508,1698,2023-05-26 12:13:00-04:00
2023-05-26 12:14:00-04:00,29.280000686645508,29.290000915527344,29.280000686645508,29.290000915527344,29.290000915527344,3606,2023-05-26 12:14:00-04:00
2023-05-26 12:15:00-04:00,29.290000915527344,29.325000762939453,29.290000915527344,29.325000762939453,29.325000762939453,1960,2023-05-26 12:15:00-04:00
2023-05-26 12:16:00-04:00,29.325000762939453,29.325000762939453,29.31999969482422,29.31999969482422,29.31999969482422,410,2023-05-26 12:16:00-04:00
2023-05-26 12:17:00-04:00,29.315000534057617,29.34000015258789,29.315000534057617,29.334999084472656,29.334999084472656,1059,2023-05-26 12:17:00-04:00
2023-05-26 12:18:00-04:00,29.34000015258789,29.34000015258789,29.315000534057617,29.31999969482422,29.31999969482422,1548,2023-05-26 12:18:00-04:00
2023-05-26 12:19:00-04:00,29.31999969482422,29.325000762939453,29.31999969482422,29.325000762939453,29.325000762939453,285,2023-05-26 12:19:00-04:00
2023-05-26 12:20:00-04:00,29.31999969482422,29.31999969482422,29.30500030517578,29.30500030517578,29.30500030517578,644,2023-05-26 12:20:00-04:00
2023-05-26 12:21:00-04:00,29.309999465942383,29.31999969482422,29.309999465942383,29.31999969482422,29.31999969482422,1380,2023-05-26 12:21:00-04:00
2023-05-26 12:22:00-04:00,29.31999969482422,29.329999923706055,29.31879997253418,29.329999923706055,29.329999923706055,2087,2023-05-26 12:22:00-04:00
2023-05-26 12:23:00-04:00,29.329999923706055,29.334999084472656,29.329999923706055,29.334999084472656,29.334999084472656,939,2023-05-26 12:23:00-04:00
2023-05-26 12:24:00-04:00,29.34000015258789,29.354999542236328,29.34000015258789,29.354999542236328,29.354999542236328,1168,2023-05-26 12:24:00-04:00
2023-05-26 12:25:00-04:00,29.350000381469727,29.350000381469727,29.34000015258789,29.34000015258789,29.34000015258789,792,2023-05-26 12:25:00-04:00
2023-05-26 12:26:00-04:00,29.350000381469727,29.354999542236328,29.341400146484375,29.354999542236328,29.354999542236328,1342,2023-05-26 12:26:00-04:00
2023-05-26 12:27:00-04:00,29.360000610351562,29.360000610351562,29.350000381469727,29.350000381469727,29.350000381469727,3012,2023-05-26 12:27:00-04:00
2023-05-26 12:28:00-04:00,29.329999923706055,29.344999313354492,29.329999923706055,29.344999313354492,29.344999313354492,333,2023-05-26 12:28:00-04:00
2023-05-26 12:29:00-04:00,29.340700149536133,29.350000381469727,29.325000762939453,29.329999923706055,29.329999923706055,1311,2023-05-26 12:29:00-04:00
2023-05-26 12:31:00-04:00,29.34000015258789,29.354999542236328,29.34000015258789,29.350000381469727,29.350000381469727,1789,2023-05-26 12:31:00-04:00
2023-05-26 12:32:00-04:00,29.329999923706055,29.329999923706055,29.329999923706055,29.329999923706055,29.329999923706055,339,2023-05-26 12:32:00-04:00
2023-05-26 12:33:00-04:00,29.31999969482422,29.31999969482422,29.31999969482422,29.31999969482422,29.31999969482422,683,2023-05-26 12:33:00-04:00
2023-05-26 12:34:00-04:00,29.329999923706055,29.329999923706055,29.31999969482422,29.31999969482422,29.31999969482422,1912,2023-05-26 12:34:00-04:00
2023-05-26 12:35:00-04:00,29.31999969482422,29.31999969482422,29.31999969482422,29.31999969482422,29.31999969482422,401,2023-05-26 12:35:00-04:00
2023-05-26 12:36:00-04:00,29.329999923706055,29.334999084472656,29.329999923706055,29.329999923706055,29.329999923706055,804,2023-05-26 12:36:00-04:00
2023-05-26 12:37:00-04:00,29.329999923706055,29.334999084472656,29.329999923706055,29.334999084472656,29.334999084472656,315,2023-05-26 12:37:00-04:00
2023-05-26 12:38:00-04:00,29.337499618530273,29.34000015258789,29.337499618530273,29.34000015258789,29.34000015258789,803,2023-05-26 12:38:00-04:00
2023-05-26 12:39:00-04:00,29.34000015258789,29.34000015258789,29.34000015258789,29.34000015258789,29.34000015258789,729,2023-05-26 12:39:00-04:00
2023-05-26 12:40:00-04:00,29.334999084472656,29.360000610351562,29.334999084472656,29.354400634765625,29.354400634765625,35678,2023-05-26 12:40:00-04:00
2023-05-26 12:41:00-04:00,29.354999542236328,29.354999542236328,29.354999542236328,29.354999542236328,29.354999542236328,112,2023-05-26 12:41:00-04:00
2023-05-26 12:42:00-04:00,29.350000381469727,29.350000381469727,29.329999923706055,29.329999923706055,29.329999923706055,1726,2023-05-26 12:42:00-04:00
2023-05-26 12:43:00-04:00,29.329999923706055,29.329999923706055,29.329999923706055,29.329999923706055,29.329999923706055,111,2023-05-26 12:43:00-04:00
2023-05-26 12:44:00-04:00,29.329999923706055,29.329999923706055,29.329999923706055,29.329999923706055,29.329999923706055,1151,2023-05-26 12:44:00-04:00
2023-05-26 12:45:00-04:00,29.31999969482422,29.31999969482422,29.309999465942383,29.309999465942383,29.309999465942383,1189,2023-05-26 12:45:00-04:00
2023-05-26 12:46:00-04:00,29.299999237060547,29.309999465942383,29.299999237060547,29.309999465942383,29.309999465942383,319,2023-05-26 12:46:00-04:00
2023-05-26 12:47:00-04:00,29.309999465942383,29.309999465942383,29.309999465942383,29.309999465942383,29.309999465942383,200,2023-05-26 12:47:00-04:00
2023-05-26 12:48:00-04:00,29.30500030517578,29.309999465942383,29.30500030517578,29.309999465942383,29.309999465942383,942,2023-05-26 12:48:00-04:00
2023-05-26 12:49:00-04:00,29.315000534057617,29.325000762939453,29.315000534057617,29.325000762939453,29.325000762939453,667,2023-05-26 12:49:00-04:00
2023-05-26 12:50:00-04:00,29.329999923706055,29.334999084472656,29.329999923706055,29.329999923706055,29.329999923706055,858,2023-05-26 12:50:00-04:00
2023-05-26 12:51:00-04:00,29.329999923706055,29.329999923706055,29.329999923706055,29.329999923706055,29.329999923706055,103,2023-05-26 12:51:00-04:00
2023-05-26 12:52:00-04:00,29.34000015258789,29.350000381469727,29.34000015258789,29.350000381469727,29.350000381469727,1559,2023-05-26 12:52:00-04:00
2023-05-26 12:53:00-04:00,29.360000610351562,29.360000610351562,29.329999923706055,29.329999923706055,29.329999923706055,3677,2023-05-26 12:53:00-04:00
2023-05-26 12:54:00-04:00,29.325000762939453,29.34000015258789,29.325000762939453,29.34000015258789,29.34000015258789,2117,2023-05-26 12:54:00-04:00
2023-05-26 12:56:00-04:00,29.329999923706055,29.329999923706055,29.329999923706055,29.329999923706055,29.329999923706055,1423,2023-05-26 12:56:00-04:00
2023-05-26 12:57:00-04:00,29.31999969482422,29.31999969482422,29.31999969482422,29.31999969482422,29.31999969482422,839,2023-05-26 12:57:00-04:00
2023-05-26 12:58:00-04:00,29.329999923706055,29.329999923706055,29.329999923706055,29.329999923706055,29.329999923706055,2718,2023-05-26 12:58:00-04:00
2023-05-26 13:00:00-04:00,29.325000762939453,29.325000762939453,29.31999969482422,29.31999969482422,29.31999969482422,2310,2023-05-26 13:00:00-04:00
2023-05-26 13:01:00-04:00,29.309999465942383,29.309999465942383,29.30500030517578,29.30500030517578,29.30500030517578,400,2023-05-26 13:01:00-04:00
2023-05-26 13:02:00-04:00,29.299999237060547,29.309999465942383,29.299999237060547,29.309999465942383,29.309999465942383,1339,2023-05-26 13:02:00-04:00
2023-05-26 13:03:00-04:00,29.315000534057617,29.31999969482422,29.30500030517578,29.30500030517578,29.30500030517578,12397,2023-05-26 13:03:00-04:00
2023-05-26 13:04:00-04:00,29.309999465942383,29.309999465942383,29.309999465942383,29.309999465942383,29.309999465942383,303,2023-05-26 13:04:00-04:00
2023-05-26 13:05:00-04:00,29.31999969482422,29.31999969482422,29.31999969482422,29.31999969482422,29.31999969482422,244,2023-05-26 13:05:00-04:00
2023-05-26 13:06:00-04:00,29.309999465942383,29.309999465942383,29.309999465942383,29.309999465942383,29.309999465942383,215,2023-05-26 13:06:00-04:00
2023-05-26 13:07:00-04:00,29.315000534057617,29.315000534057617,29.315000534057617,29.315000534057617,29.315000534057617,209,2023-05-26 13:07:00-04:00
2023-05-26 13:08:00-04:00,29.31999969482422,29.31999969482422,29.309999465942383,29.309999465942383,29.309999465942383,6838,2023-05-26 13:08:00-04:00
2023-05-26 13:09:00-04:00,29.309999465942383,29.31999969482422,29.309999465942383,29.31999969482422,29.31999969482422,521,2023-05-26 13:09:00-04:00
2023-05-26 13:10:00-04:00,29.309999465942383,29.309999465942383,29.299999237060547,29.299999237060547,29.299999237060547,661,2023-05-26 13:10:00-04:00
2023-05-26 13:11:00-04:00,29.299999237060547,29.299999237060547,29.299999237060547,29.299999237060547,29.299999237060547,139,2023-05-26 13:11:00-04:00
2023-05-26 13:12:00-04:00,29.290000915527344,29.299999237060547,29.290000915527344,29.295000076293945,29.295000076293945,947,2023-05-26 13:12:00-04:00
2023-05-26 13:13:00-04:00,29.290000915527344,29.290000915527344,29.28499984741211,29.28499984741211,29.28499984741211,718,2023-05-26 13:13:00-04:00
2023-05-26 13:14:00-04:00,29.290000915527344,29.290000915527344,29.290000915527344,29.290000915527344,29.290000915527344,145,2023-05-26 13:14:00-04:00
2023-05-26 13:15:00-04:00,29.290000915527344,29.290000915527344,29.281400680541992,29.281400680541992,29.281400680541992,253,2023-05-26 13:15:00-04:00
2023-05-26 13:16:00-04:00,29.290000915527344,29.290000915527344,29.264999389648438,29.264999389648438,29.264999389648438,1023,2023-05-26 13:16:00-04:00
2023-05-26 13:17:00-04:00,29.239999771118164,29.239999771118164,29.239999771118164,29.239999771118164,29.239999771118164,170,2023-05-26 13:17:00-04:00
2023-05-26 13:18:00-04:00,29.239999771118164,29.239999771118164,29.219999313354492,29.225000381469727,29.225000381469727,827,2023-05-26 13:18:00-04:00
2023-05-26 13:19:00-04:00,29.219999313354492,29.229999542236328,29.219999313354492,29.229999542236328,29.229999542236328,1123,2023-05-26 13:19:00-04:00
2023-05-26 13:20:00-04:00,29.219999313354492,29.235000610351562,29.219999313354492,29.235000610351562,29.235000610351562,683,2023-05-26 13:20:00-04:00
2023-05-26 13:21:00-04:00,29.235000610351562,29.235000610351562,29.209999084472656,29.209999084472656,29.209999084472656,1278,2023-05-26 13:21:00-04:00
2023-05-26 13:22:00-04:00,29.209999084472656,29.225000381469727,29.209999084472656,29.219999313354492,29.219999313354492,1044,2023-05-26 13:22:00-04:00
2023-05-26 13:23:00-04:00,29.229999542236328,29.239999771118164,29.229999542236328,29.239999771118164,29.239999771118164,683,2023-05-26 13:23:00-04:00
2023-05-26 13:24:00-04:00,29.2549991607666,29.260000228881836,29.25,29.25,29.25,1110,2023-05-26 13:24:00-04:00
2023-05-26 13:25:00-04:00,29.229999542236328,29.229999542236328,29.229999542236328,29.229999542236328,29.229999542236328,213,2023-05-26 13:25:00-04:00
2023-05-26 13:26:00-04:00,29.229999542236328,29.239999771118164,29.229999542236328,29.229999542236328,29.229999542236328,1906,2023-05-26 13:26:00-04:00
2023-05-26 13:27:00-04:00,29.239999771118164,29.2450008392334,29.239999771118164,29.2450008392334,29.2450008392334,418,2023-05-26 13:27:00-04:00
2023-05-26 13:28:00-04:00,29.2450008392334,29.260000228881836,29.2450008392334,29.260000228881836,29.260000228881836,1008,2023-05-26 13:28:00-04:00
2023-05-26 13:29:00-04:00,29.2549991607666,29.260000228881836,29.2549991607666,29.260000228881836,29.260000228881836,903,2023-05-26 13:29:00-04:00
2023-05-26 13:30:00-04:00,29.25,29.25,29.25,29.25,29.25,354,2023-05-26 13:30:00-04:00
2023-05-26 13:31:00-04:00,29.25,29.270000457763672,29.25,29.270000457763672,29.270000457763672,2309,2023-05-26 13:31:00-04:00
2023-05-26 13:32:00-04:00,29.264999389648438,29.264999389648438,29.260000228881836,29.260000228881836,29.260000228881836,1036,2023-05-26 13:32:00-04:00
2023-05-26 13:34:00-04:00,29.264999389648438,29.270000457763672,29.260000228881836,29.270000457763672,29.270000457763672,794,2023-05-26 13:34:00-04:00
2023-05-26 13:35:00-04:00,29.2549991607666,29.2549991607666,29.235000610351562,29.235000610351562,29.235000610351562,1767,2023-05-26 13:35:00-04:00
2023-05-26 13:36:00-04:00,29.239999771118164,29.239999771118164,29.229999542236328,29.2362003326416,29.2362003326416,783,2023-05-26 13:36:00-04:00
2023-05-26 13:37:00-04:00,29.229999542236328,29.229999542236328,29.229999542236328,29.229999542236328,29.229999542236328,1232,2023-05-26 13:37:00-04:00
2023-05-26 13:38:00-04:00,29.229999542236328,29.229999542236328,29.21500015258789,29.219999313354492,29.219999313354492,5321,2023-05-26 13:38:00-04:00
2023-05-26 13:39:00-04:00,29.219999313354492,29.219999313354492,29.219999313354492,29.219999313354492,29.219999313354492,314,2023-05-26 13:39:00-04:00
2023-05-26 13:40:00-04:00,29.21500015258789,29.21500015258789,29.18000030517578,29.184999465942383,29.184999465942383,4235,2023-05-26 13:40:00-04:00
2023-05-26 13:41:00-04:00,29.190000534057617,29.190000534057617,29.190000534057617,29.190000534057617,29.190000534057617,2022,2023-05-26 13:41:00-04:00
2023-05-26 13:42:00-04:00,29.19499969482422,29.19499969482422,29.19499969482422,29.19499969482422,29.19499969482422,341,2023-05-26 13:42:00-04:00
2023-05-26 13:43:00-04:00,29.19499969482422,29.19499969482422,29.174999237060547,29.184999465942383,29.184999465942383,4738,2023-05-26 13:43:00-04:00
2023-05-26 13:44:00-04:00,29.184999465942383,29.184999465942383,29.170000076293945,29.18000030517578,29.18000030517578,12935,2023-05-26 13:44:00-04:00
2023-05-26 13:45:00-04:00,29.18000030517578,29.190000534057617,29.18000030517578,29.190000534057617,29.190000534057617,2980,2023-05-26 13:45:00-04:00
2023-05-26 13:46:00-04:00,29.190000534057617,29.19499969482422,29.18000030517578,29.190000534057617,29.190000534057617,957,2023-05-26 13:46:00-04:00
2023-05-26 13:47:00-04:00,29.19499969482422,29.19499969482422,29.184999465942383,29.184999465942383,29.184999465942383,637,2023-05-26 13:47:00-04:00
2023-05-26 13:48:00-04:00,29.190000534057617,29.209999084472656,29.190000534057617,29.200000762939453,29.200000762939453,1061,2023-05-26 13:48:00-04:00
2023-05-26 13:49:00-04:00,29.204999923706055,29.209999084472656,29.204999923706055,29.209999084472656,29.209999084472656,278,2023-05-26 13:49:00-04:00
2023-05-26 13:50:00-04:00,29.229999542236328,29.229999542236328,29.229000091552734,29.229000091552734,29.229000091552734,1109,2023-05-26 13:50:00-04:00
2023-05-26 13:51:00-04:00,29.229999542236328,29.229999542236328,29.225000381469727,29.229999542236328,29.229999542236328,3733,2023-05-26 13:51:00-04:00
2023-05-26 13:54:00-04:00,29.225000381469727,29.225000381469727,29.204999923706055,29.204999923706055,29.204999923706055,2403,2023-05-26 13:54:00-04:00
2023-05-26 13:55:00-04:00,29.204999923706055,29.209999084472656,29.204999923706055,29.209999084472656,29.209999084472656,1401,2023-05-26 13:55:00-04:00
2023-05-26 13:58:00-04:00,29.200000762939453,29.229999542236328,29.200000762939453,29.229999542236328,29.229999542236328,4752,2023-05-26 13:58:00-04:00
2023-05-26 13:59:00-04:00,29.247499465942383,29.247499465942383,29.239999771118164,29.239999771118164,29.239999771118164,1912,2023-05-26 13:59:00-04:00
2023-05-26 14:00:00-04:00,29.239999771118164,29.239999771118164,29.239999771118164,29.239999771118164,29.239999771118164,902,2023-05-26 14:00:00-04:00
2023-05-26 14:02:00-04:00,29.25,29.2549991607666,29.239999771118164,29.239999771118164,29.239999771118164,6246,2023-05-26 14:02:00-04:00
2023-05-26 14:03:00-04:00,29.239999771118164,29.25,29.239999771118164,29.239999771118164,29.239999771118164,16414,2023-05-26 14:03:00-04:00
2023-05-26 14:04:00-04:00,29.239999771118164,29.2450008392334,29.229999542236328,29.239999771118164,29.239999771118164,23896,2023-05-26 14:04:00-04:00
2023-05-26 14:05:00-04:00,29.239999771118164,29.2549991607666,29.239999771118164,29.25,29.25,101984,2023-05-26 14:05:00-04:00
2023-05-26 14:06:00-04:00,29.25,29.25,29.219999313354492,29.219999313354492,29.219999313354492,3074,2023-05-26 14:06:00-04:00
2023-05-26 14:07:00-04:00,29.214399337768555,29.21500015258789,29.200000762939453,29.209999084472656,29.209999084472656,7399,2023-05-26 14:07:00-04:00
2023-05-26 14:08:00-04:00,29.209999084472656,29.25309944152832,29.209999084472656,29.21500015258789,29.21500015258789,75112,2023-05-26 14:08:00-04:00
2023-05-26 14:09:00-04:00,29.209999084472656,29.219999313354492,29.204999923706055,29.219999313354492,29.219999313354492,4311,2023-05-26 14:09:00-04:00
2023-05-26 14:10:00-04:00,29.225000381469727,29.239999771118164,29.219999313354492,29.219999313354492,29.219999313354492,1900,2023-05-26 14:10:00-04:00
2023-05-26 14:11:00-04:00,29.219999313354492,29.219999313354492,29.219999313354492,29.219999313354492,29.219999313354492,776,2023-05-26 14:11:00-04:00
2023-05-26 14:12:00-04:00,29.229999542236328,29.2450008392334,29.229999542236328,29.229999542236328,29.229999542236328,5992,2023-05-26 14:12:00-04:00
2023-05-26 14:14:00-04:00,29.239999771118164,29.25,29.239999771118164,29.239999771118164,29.239999771118164,4913,2023-05-26 14:14:00-04:00
2023-05-26 14:15:00-04:00,29.229999542236328,29.229999542236328,29.229999542236328,29.229999542236328,29.229999542236328,770,2023-05-26 14:15:00-04:00
2023-05-26 14:16:00-04:00,29.219999313354492,29.2450008392334,29.219999313354492,29.239999771118164,29.239999771118164,4113,2023-05-26 14:16:00-04:00
2023-05-26 14:17:00-04:00,29.239999771118164,29.25,29.239999771118164,29.25,29.25,734,2023-05-26 14:17:00-04:00
2023-05-26 14:18:00-04:00,29.25,29.294700622558594,29.25,29.294700622558594,29.294700622558594,3439,2023-05-26 14:18:00-04:00
2023-05-26 14:19:00-04:00,29.290000915527344,29.29129981994629,29.290000915527344,29.29129981994629,29.29129981994629,901,2023-05-26 14:19:00-04:00
2023-05-26 14:22:00-04:00,29.299999237060547,29.299999237060547,29.295000076293945,29.295000076293945,29.295000076293945,1480,2023-05-26 14:22:00-04:00
2023-05-26 14:23:00-04:00,29.290000915527344,29.290000915527344,29.290000915527344,29.290000915527344,29.290000915527344,552,2023-05-26 14:23:00-04:00
2023-05-26 14:24:00-04:00,29.299999237060547,29.315000534057617,29.299999237060547,29.315000534057617,29.315000534057617,1199,2023-05-26 14:24:00-04:00
2023-05-26 14:25:00-04:00,29.309999465942383,29.309999465942383,29.309999465942383,29.309999465942383,29.309999465942383,711,2023-05-26 14:25:00-04:00
2023-05-26 14:26:00-04:00,29.30500030517578,29.30500030517578,29.290000915527344,29.290000915527344,29.290000915527344,1986,2023-05-26 14:26:00-04:00
2023-05-26 14:28:00-04:00,29.290000915527344,29.299999237060547,29.290000915527344,29.299999237060547,29.299999237060547,1717,2023-05-26 14:28:00-04:00
2023-05-26 14:29:00-04:00,29.309999465942383,29.309999465942383,29.309999465942383,29.309999465942383,29.309999465942383,339,2023-05-26 14:29:00-04:00
2023-05-26 14:30:00-04:00,29.299999237060547,29.299999237060547,29.280000686645508,29.280000686645508,29.280000686645508,2088,2023-05-26 14:30:00-04:00
2023-05-26 14:31:00-04:00,29.274999618530273,29.280000686645508,29.270000457763672,29.280000686645508,29.280000686645508,1136,2023-05-26 14:31:00-04:00
2023-05-26 14:32:00-04:00,29.290000915527344,29.297000885009766,29.28499984741211,29.28499984741211,29.28499984741211,664,2023-05-26 14:32:00-04:00
2023-05-26 14:33:00-04:00,29.2814998626709,29.2814998626709,29.2814998626709,29.2814998626709,29.2814998626709,491,2023-05-26 14:33:00-04:00
2023-05-26 14:34:00-04:00,29.287500381469727,29.287500381469727,29.287500381469727,29.287500381469727,29.287500381469727,174,2023-05-26 14:34:00-04:00
2023-05-26 14:35:00-04:00,29.290000915527344,29.297500610351562,29.290000915527344,29.297500610351562,29.297500610351562,1905,2023-05-26 14:35:00-04:00
2023-05-26 14:36:00-04:00,29.297500610351562,29.297500610351562,29.295000076293945,29.295000076293945,29.295000076293945,422,2023-05-26 14:36:00-04:00
2023-05-26 14:37:00-04:00,29.290000915527344,29.290000915527344,29.290000915527344,29.290000915527344,29.290000915527344,470,2023-05-26 14:37:00-04:00
2023-05-26 14:38:00-04:00,29.28499984741211,29.299999237060547,29.274999618530273,29.299999237060547,29.299999237060547,2703,2023-05-26 14:38:00-04:00
2023-05-26 14:39:00-04:00,29.299999237060547,29.299999237060547,29.299999237060547,29.299999237060547,29.299999237060547,911,2023-05-26 14:39:00-04:00
2023-05-26 14:40:00-04:00,29.299999237060547,29.299999237060547,29.299999237060547,29.299999237060547,29.299999237060547,811,2023-05-26 14:40:00-04:00
2023-05-26 14:41:00-04:00,29.295000076293945,29.30500030517578,29.290000915527344,29.30500030517578,29.30500030517578,2358,2023-05-26 14:41:00-04:00
2023-05-26 14:42:00-04:00,29.299999237060547,29.309999465942383,29.299999237060547,29.309999465942383,29.309999465942383,424,2023-05-26 14:42:00-04:00
2023-05-26 14:43:00-04:00,29.30500030517578,29.30500030517578,29.30500030517578,29.30500030517578,29.30500030517578,345,2023-05-26 14:43:00-04:00
2023-05-26 14:44:00-04:00,29.309999465942383,29.3174991607666,29.299999237060547,29.299999237060547,29.299999237060547,3059,2023-05-26 14:44:00-04:00
2023-05-26 14:45:00-04:00,29.299999237060547,29.309999465942383,29.299999237060547,29.309999465942383,29.309999465942383,863,2023-05-26 14:45:00-04:00
2023-05-26 14:46:00-04:00,29.30500030517578,29.309999465942383,29.299999237060547,29.299999237060547,29.299999237060547,1947,2023-05-26 14:46:00-04:00
2023-05-26 14:47:00-04:00,29.309999465942383,29.315000534057617,29.309999465942383,29.315000534057617,29.315000534057617,924,2023-05-26 14:47:00-04:00
2023-05-26 14:48:00-04:00,29.31999969482422,29.31999969482422,29.315000534057617,29.316999435424805,29.316999435424805,3075,2023-05-26 14:48:00-04:00
2023-05-26 14:49:00-04:00,29.309999465942383,29.309999465942383,29.309999465942383,29.309999465942383,29.309999465942383,885,2023-05-26 14:49:00-04:00
2023-05-26 14:50:00-04:00,29.309999465942383,29.309999465942383,29.309999465942383,29.309999465942383,29.309999465942383,274,2023-05-26 14:50:00-04:00
2023-05-26 14:51:00-04:00,29.309999465942383,29.309999465942383,29.290000915527344,29.290000915527344,29.290000915527344,1065,2023-05-26 14:51:00-04:00
2023-05-26 14:52:00-04:00,29.290000915527344,29.295000076293945,29.290000915527344,29.295000076293945,29.295000076293945,1618,2023-05-26 14:52:00-04:00
2023-05-26 14:53:00-04:00,29.295000076293945,29.295000076293945,29.295000076293945,29.295000076293945,29.295000076293945,601,2023-05-26 14:53:00-04:00
2023-05-26 14:54:00-04:00,29.290000915527344,29.295000076293945,29.290000915527344,29.295000076293945,29.295000076293945,574,2023-05-26 14:54:00-04:00
2023-05-26 14:55:00-04:00,29.290000915527344,29.299999237060547,29.290000915527344,29.290000915527344,29.290000915527344,1043,2023-05-26 14:55:00-04:00
2023-05-26 14:56:00-04:00,29.280000686645508,29.280000686645508,29.264999389648438,29.270000457763672,29.270000457763672,2749,2023-05-26 14:56:00-04:00
2023-05-26 14:57:00-04:00,29.270000457763672,29.270000457763672,29.264999389648438,29.264999389648438,29.264999389648438,545,2023-05-26 14:57:00-04:00
2023-05-26 14:58:00-04:00,29.25,29.2549991607666,29.25,29.2549991607666,29.2549991607666,549,2023-05-26 14:58:00-04:00
2023-05-26 14:59:00-04:00,29.260000228881836,29.260000228881836,29.25,29.25,29.25,2412,2023-05-26 14:59:00-04:00
2023-05-26 15:00:00-04:00,29.2549991607666,29.2549991607666,29.2549991607666,29.2549991607666,29.2549991607666,115,2023-05-26 15:00:00-04:00
2023-05-26 15:01:00-04:00,29.25,29.274999618530273,29.25,29.270000457763672,29.270000457763672,2095,2023-05-26 15:01:00-04:00
2023-05-26 15:02:00-04:00,29.280000686645508,29.280000686645508,29.274999618530273,29.280000686645508,29.280000686645508,409,2023-05-26 15:02:00-04:00
2023-05-26 15:03:00-04:00,29.280000686645508,29.287500381469727,29.280000686645508,29.287500381469727,29.287500381469727,1323,2023-05-26 15:03:00-04:00
2023-05-26 15:04:00-04:00,29.28499984741211,29.28499984741211,29.270000457763672,29.270000457763672,29.270000457763672,1020,2023-05-26 15:04:00-04:00
2023-05-26 15:05:00-04:00,29.270000457763672,29.270000457763672,29.264999389648438,29.264999389648438,29.264999389648438,471,2023-05-26 15:05:00-04:00
2023-05-26 15:06:00-04:00,29.270000457763672,29.270000457763672,29.270000457763672,29.270000457763672,29.270000457763672,1070,2023-05-26 15:06:00-04:00
2023-05-26 15:07:00-04:00,29.274999618530273,29.287500381469727,29.270000457763672,29.280000686645508,29.280000686645508,2410,2023-05-26 15:07:00-04:00
2023-05-26 15:08:00-04:00,29.28499984741211,29.287500381469727,29.270000457763672,29.274999618530273,29.274999618530273,3820,2023-05-26 15:08:00-04:00
2023-05-26 15:09:00-04:00,29.274999618530273,29.274999618530273,29.270000457763672,29.274999618530273,29.274999618530273,827,2023-05-26 15:09:00-04:00
2023-05-26 15:10:00-04:00,29.272899627685547,29.272899627685547,29.272899627685547,29.272899627685547,29.272899627685547,223,2023-05-26 15:10:00-04:00
2023-05-26 15:11:00-04:00,29.274999618530273,29.280000686645508,29.270000457763672,29.274999618530273,29.274999618530273,1257,2023-05-26 15:11:00-04:00
2023-05-26 15:12:00-04:00,29.274999618530273,29.28499984741211,29.270000457763672,29.28499984741211,29.28499984741211,4196,2023-05-26 15:12:00-04:00
2023-05-26 15:13:00-04:00,29.280000686645508,29.280000686645508,29.260000228881836,29.260000228881836,29.260000228881836,4995,2023-05-26 15:13:00-04:00
2023-05-26 15:14:00-04:00,29.264999389648438,29.274999618530273,29.264999389648438,29.274999618530273,29.274999618530273,1325,2023-05-26 15:14:00-04:00
2023-05-26 15:15:00-04:00,29.280000686645508,29.280000686645508,29.274999618530273,29.280000686645508,29.280000686645508,3241,2023-05-26 15:15:00-04:00
2023-05-26 15:16:00-04:00,29.280000686645508,29.28499984741211,29.280000686645508,29.28499984741211,29.28499984741211,666,2023-05-26 15:16:00-04:00
2023-05-26 15:17:00-04:00,29.290000915527344,29.290000915527344,29.270000457763672,29.274999618530273,29.274999618530273,1607,2023-05-26 15:17:00-04:00
2023-05-26 15:18:00-04:00,29.274999618530273,29.274999618530273,29.274999618530273,29.274999618530273,29.274999618530273,407,2023-05-26 15:18:00-04:00
2023-05-26 15:19:00-04:00,29.274999618530273,29.274999618530273,29.260000228881836,29.260000228881836,29.260000228881836,854,2023-05-26 15:19:00-04:00
2023-05-26 15:20:00-04:00,29.264999389648438,29.264999389648438,29.264999389648438,29.264999389648438,29.264999389648438,912,2023-05-26 15:20:00-04:00
2023-05-26 15:21:00-04:00,29.260000228881836,29.274999618530273,29.260000228881836,29.270000457763672,29.270000457763672,5754,2023-05-26 15:21:00-04:00
2023-05-26 15:22:00-04:00,29.270000457763672,29.280000686645508,29.270000457763672,29.280000686645508,29.280000686645508,958,2023-05-26 15:22:00-04:00
2023-05-26 15:23:00-04:00,29.27750015258789,29.27750015258789,29.270000457763672,29.270000457763672,29.270000457763672,1106,2023-05-26 15:23:00-04:00
2023-05-26 15:24:00-04:00,29.25,29.2549991607666,29.25,29.2549991607666,29.2549991607666,1037,2023-05-26 15:24:00-04:00
2023-05-26 15:25:00-04:00,29.2549991607666,29.264999389648438,29.2549991607666,29.264999389648438,29.264999389648438,937,2023-05-26 15:25:00-04:00
2023-05-26 15:26:00-04:00,29.260000228881836,29.260000228881836,29.260000228881836,29.260000228881836,29.260000228881836,406,2023-05-26 15:26:00-04:00
2023-05-26 15:27:00-04:00,29.267499923706055,29.267499923706055,29.267499923706055,29.267499923706055,29.267499923706055,403,2023-05-26 15:27:00-04:00
2023-05-26 15:28:00-04:00,29.270000457763672,29.274999618530273,29.2549991607666,29.270000457763672,29.270000457763672,9099,2023-05-26 15:28:00-04:00
2023-05-26 15:29:00-04:00,29.274999618530273,29.274999618530273,29.2450008392334,29.2450008392334,29.2450008392334,6069,2023-05-26 15:29:00-04:00
2023-05-26 15:30:00-04:00,29.25,29.25,29.2450008392334,29.2450008392334,29.2450008392334,2827,2023-05-26 15:30:00-04:00
2023-05-26 15:31:00-04:00,29.2450008392334,29.25,29.2450008392334,29.25,29.25,949,2023-05-26 15:31:00-04:00
2023-05-26 15:32:00-04:00,29.2450008392334,29.25,29.239999771118164,29.239999771118164,29.239999771118164,2889,2023-05-26 15:32:00-04:00
2023-05-26 15:33:00-04:00,29.235000610351562,29.239999771118164,29.229999542236328,29.239999771118164,29.239999771118164,6485,2023-05-26 15:33:00-04:00
2023-05-26 15:34:00-04:00,29.239999771118164,29.239999771118164,29.239999771118164,29.239999771118164,29.239999771118164,486,2023-05-26 15:34:00-04:00
2023-05-26 15:35:00-04:00,29.25,29.25,29.239999771118164,29.239999771118164,29.239999771118164,2211,2023-05-26 15:35:00-04:00
2023-05-26 15:36:00-04:00,29.239999771118164,29.2450008392334,29.219999313354492,29.219999313354492,29.219999313354492,2014,2023-05-26 15:36:00-04:00
2023-05-26 15:37:00-04:00,29.21500015258789,29.21500015258789,29.21500015258789,29.21500015258789,29.21500015258789,383,2023-05-26 15:37:00-04:00
2023-05-26 15:38:00-04:00,29.21500015258789,29.21500015258789,29.21500015258789,29.21500015258789,29.21500015258789,204,2023-05-26 15:38:00-04:00
2023-05-26 15:39:00-04:00,29.209999084472656,29.229999542236328,29.209999084472656,29.229999542236328,29.229999542236328,3020,2023-05-26 15:39:00-04:00
2023-05-26 15:40:00-04:00,29.229999542236328,29.247499465942383,29.229999542236328,29.229999542236328,29.229999542236328,3129,2023-05-26 15:40:00-04:00
2023-05-26 15:41:00-04:00,29.229999542236328,29.2549991607666,29.229999542236328,29.2549991607666,29.2549991607666,3383,2023-05-26 15:41:00-04:00
2023-05-26 15:43:00-04:00,29.2549991607666,29.270000457763672,29.2549991607666,29.264999389648438,29.264999389648438,4434,2023-05-26 15:43:00-04:00
2023-05-26 15:44:00-04:00,29.264999389648438,29.267499923706055,29.264999389648438,29.264999389648438,29.264999389648438,401,2023-05-26 15:44:00-04:00
2023-05-26 15:45:00-04:00,29.264999389648438,29.270000457763672,29.264999389648438,29.270000457763672,29.270000457763672,2883,2023-05-26 15:45:00-04:00
2023-05-26 15:46:00-04:00,29.270000457763672,29.27750015258789,29.260000228881836,29.260000228881836,29.260000228881836,4019,2023-05-26 15:46:00-04:00
2023-05-26 15:47:00-04:00,29.260000228881836,29.274999618530273,29.260000228881836,29.260000228881836,29.260000228881836,9092,2023-05-26 15:47:00-04:00
2023-05-26 15:48:00-04:00,29.2549991607666,29.2549991607666,29.239999771118164,29.25,29.25,6488,2023-05-26 15:48:00-04:00
2023-05-26 15:49:00-04:00,29.2450008392334,29.270000457763672,29.2450008392334,29.260000228881836,29.260000228881836,11404,2023-05-26 15:49:00-04:00
2023-05-26 15:50:00-04:00,29.25,29.2549991607666,29.239999771118164,29.25,29.25,30998,2023-05-26 15:50:00-04:00
2023-05-26 15:51:00-04:00,29.2549991607666,29.2549991607666,29.229999542236328,29.229999542236328,29.229999542236328,27696,2023-05-26 15:51:00-04:00
2023-05-26 15:52:00-04:00,29.229999542236328,29.2549991607666,29.229999542236328,29.25,29.25,15304,2023-05-26 15:52:00-04:00
2023-05-26 15:53:00-04:00,29.25,29.2549991607666,29.239999771118164,29.25,29.25,17210,2023-05-26 15:53:00-04:00
2023-05-26 15:54:00-04:00,29.25,29.280000686645508,29.219999313354492,29.270000457763672,29.270000457763672,146074,2023-05-26 15:54:00-04:00
2023-05-26 15:55:00-04:00,29.274999618530273,29.290000915527344,29.260000228881836,29.274999618530273,29.274999618530273,11203,2023-05-26 15:55:00-04:00
2023-05-26 15:56:00-04:00,29.274999618530273,29.274999618530273,29.25,29.25,29.25,9063,2023-05-26 15:56:00-04:00
2023-05-26 15:57:00-04:00,29.260000228881836,29.295000076293945,29.2549991607666,29.290000915527344,29.290000915527344,37311,2023-05-26 15:57:00-04:00
2023-05-26 15:58:00-04:00,29.290000915527344,29.299999237060547,29.2549991607666,29.2549991607666,29.2549991607666,21247,2023-05-26 15:58:00-04:00
2023-05-26 15:59:00-04:00,29.260000228881836,29.260000228881836,29.239999771118164,29.2450008392334,29.2450008392334,23420,2023-05-26 15:59:00-04:00
