Date,Open,High,Low,Close,Adj Close,Volume,Date.1,Date.2,Date.3,Date.4,Date.5,Date.6,Date.7,Date.8,Date
0,24.13999938964844,24.145000457763672,24.0,24.065000534057617,24.065000534057617,0,2023-05-24 09:00:00+02:00,,,,,,,,
1,23.43000030517578,23.43000030517578,23.344999313354492,23.3799991607666,23.3799991607666,0,,,,,,,,,2023-05-31 09:00:00+02:00
2,23.364999771118164,23.405000686645508,23.34000015258789,23.34000015258789,23.34000015258789,11182,,,,,,,,,2023-05-31 09:01:00+02:00
3,23.325000762939453,23.325000762939453,23.219999313354492,23.225000381469727,23.225000381469727,31503,,,,,,,,,2023-05-31 09:02:00+02:00
4,23.235000610351562,23.235000610351562,23.094999313354492,23.125,23.125,73238,,,,,,,,,2023-05-31 09:03:00+02:00
5,23.135000228881836,23.239999771118164,23.135000228881836,23.21500015258789,23.21500015258789,22558,,,,,,,,,2023-05-31 09:04:00+02:00
6,23.200000762939453,23.30500030517578,23.200000762939453,23.30500030517578,23.30500030517578,4345,,,,,,,,,2023-05-31 09:05:00+02:00
7,23.31999969482422,23.440000534057617,23.31999969482422,23.40999984741211,23.40999984741211,18895,,,,,,,,,2023-05-31 09:06:00+02:00
8,23.40999984741211,23.450000762939453,23.405000686645508,23.440000534057617,23.440000534057617,13736,,,,,,,,,2023-05-31 09:07:00+02:00
9,23.440000534057617,23.454999923706055,23.415000915527344,23.454999923706055,23.454999923706055,11030,,,,,,,,,2023-05-31 09:08:00+02:00
10,23.46500015258789,23.475000381469727,23.40999984741211,23.424999237060547,23.424999237060547,2276,,,,,,,,,2023-05-31 09:09:00+02:00
11,23.415000915527344,23.424999237060547,23.360000610351562,23.424999237060547,23.424999237060547,3721,,,,,,,,,2023-05-31 09:10:00+02:00
12,23.440000534057617,23.440000534057617,23.434999465942383,23.440000534057617,23.440000534057617,1219,,,,,,,,,2023-05-31 09:11:00+02:00
13,23.450000762939453,23.454999923706055,23.395000457763672,23.434999465942383,23.434999465942383,7273,,,,,,,,,2023-05-31 09:12:00+02:00
14,23.46500015258789,23.46500015258789,23.454999923706055,23.454999923706055,23.454999923706055,107,,,,,,,,,2023-05-31 09:13:00+02:00
15,23.46500015258789,23.46500015258789,23.405000686645508,23.420000076293945,23.420000076293945,6555,,,,,,,,,2023-05-31 09:14:00+02:00
16,23.43000030517578,23.475000381469727,23.424999237060547,23.475000381469727,23.475000381469727,6324,,,,,,,,,2023-05-31 09:15:00+02:00
17,23.469999313354492,23.475000381469727,23.450000762939453,23.450000762939453,23.450000762939453,6584,,,,,,,,,2023-05-31 09:16:00+02:00
18,23.440000534057617,23.485000610351562,23.440000534057617,23.485000610351562,23.485000610351562,8142,,,,,,,,,2023-05-31 09:17:00+02:00
19,23.485000610351562,23.489999771118164,23.475000381469727,23.475000381469727,23.475000381469727,5014,,,,,,,,,2023-05-31 09:18:00+02:00
20,23.459999084472656,23.475000381469727,23.459999084472656,23.475000381469727,23.475000381469727,1184,,,,,,,,,2023-05-31 09:19:00+02:00
21,23.5049991607666,23.510000228881836,23.454999923706055,23.459999084472656,23.459999084472656,14423,,,,,,,,,2023-05-31 09:20:00+02:00
22,23.450000762939453,23.454999923706055,23.43000030517578,23.450000762939453,23.450000762939453,4142,,,,,,,,,2023-05-31 09:21:00+02:00
23,23.44499969482422,23.489999771118164,23.44499969482422,23.459999084472656,23.459999084472656,3534,,,,,,,,,2023-05-31 09:22:00+02:00
24,23.454999923706055,23.46500015258789,23.44499969482422,23.44499969482422,23.44499969482422,3313,,,,,,,,,2023-05-31 09:23:00+02:00
25,23.454999923706055,23.485000610351562,23.454999923706055,23.485000610351562,23.485000610351562,5173,,,,,,,,,2023-05-31 09:24:00+02:00
26,23.489999771118164,23.4950008392334,23.485000610351562,23.4950008392334,23.4950008392334,1306,,,,,,,,,2023-05-31 09:25:00+02:00
27,23.5,23.575000762939453,23.5,23.575000762939453,23.575000762939453,3188,,,,,,,,,2023-05-31 09:26:00+02:00
28,23.575000762939453,23.6299991607666,23.540000915527344,23.6299991607666,23.6299991607666,27275,,,,,,,,,2023-05-31 09:27:00+02:00
29,23.635000228881836,23.670000076293945,23.625,23.670000076293945,23.670000076293945,9483,,,,,,,,,2023-05-31 09:28:00+02:00
30,23.670000076293945,23.670000076293945,23.645000457763672,23.645000457763672,23.645000457763672,3898,,,,,,,,,2023-05-31 09:29:00+02:00
31,23.639999389648438,23.670000076293945,23.635000228881836,23.670000076293945,23.670000076293945,6972,,,,,,,,,2023-05-31 09:30:00+02:00
32,23.68000030517578,23.68000030517578,23.68000030517578,23.68000030517578,23.68000030517578,235,,,,,,,,,2023-05-31 09:31:00+02:00
33,23.709999084472656,23.71500015258789,23.674999237060547,23.674999237060547,23.674999237060547,7262,,,,,,,,,2023-05-31 09:32:00+02:00
34,23.684999465942383,23.684999465942383,23.68000030517578,23.68000030517578,23.68000030517578,4146,,,,,,,,,2023-05-31 09:34:00+02:00
35,23.674999237060547,23.69499969482422,23.65999984741211,23.69499969482422,23.69499969482422,3455,,,,,,,,,2023-05-31 09:35:00+02:00
36,23.684999465942383,23.690000534057617,23.670000076293945,23.68000030517578,23.68000030517578,1090,,,,,,,,,2023-05-31 09:36:00+02:00
37,23.68000030517578,23.68000030517578,23.649999618530273,23.665000915527344,23.665000915527344,4316,,,,,,,,,2023-05-31 09:37:00+02:00
38,23.65999984741211,23.69499969482422,23.65999984741211,23.69499969482422,23.69499969482422,906,,,,,,,,,2023-05-31 09:38:00+02:00
39,23.684999465942383,23.684999465942383,23.65999984741211,23.665000915527344,23.665000915527344,2699,,,,,,,,,2023-05-31 09:39:00+02:00
40,23.665000915527344,23.68000030517578,23.655000686645508,23.655000686645508,23.655000686645508,3853,,,,,,,,,2023-05-31 09:40:00+02:00
41,23.65999984741211,23.670000076293945,23.65999984741211,23.65999984741211,23.65999984741211,1750,,,,,,,,,2023-05-31 09:41:00+02:00
42,23.655000686645508,23.655000686645508,23.625,23.625,23.625,1347,,,,,,,,,2023-05-31 09:42:00+02:00
43,23.6299991607666,23.639999389648438,23.6299991607666,23.639999389648438,23.639999389648438,869,,,,,,,,,2023-05-31 09:43:00+02:00
44,23.6200008392334,23.625,23.579999923706055,23.59000015258789,23.59000015258789,24450,,,,,,,,,2023-05-31 09:44:00+02:00
45,23.579999923706055,23.584999084472656,23.575000762939453,23.575000762939453,23.575000762939453,1106,,,,,,,,,2023-05-31 09:45:00+02:00
46,23.579999923706055,23.584999084472656,23.55500030517578,23.56999969482422,23.56999969482422,3054,,,,,,,,,2023-05-31 09:46:00+02:00
47,23.575000762939453,23.575000762939453,23.540000915527344,23.545000076293945,23.545000076293945,2342,,,,,,,,,2023-05-31 09:47:00+02:00
48,23.549999237060547,23.584999084472656,23.549999237060547,23.584999084472656,23.584999084472656,2662,,,,,,,,,2023-05-31 09:48:00+02:00
49,23.579999923706055,23.584999084472656,23.579999923706055,23.584999084472656,23.584999084472656,833,,,,,,,,,2023-05-31 09:49:00+02:00
50,23.584999084472656,23.600000381469727,23.559999465942383,23.559999465942383,23.559999465942383,3979,,,,,,,,,2023-05-31 09:50:00+02:00
51,23.579999923706055,23.594999313354492,23.575000762939453,23.575000762939453,23.575000762939453,5843,,,,,,,,,2023-05-31 09:51:00+02:00
52,23.575000762939453,23.575000762939453,23.56999969482422,23.56999969482422,23.56999969482422,597,,,,,,,,,2023-05-31 09:52:00+02:00
53,23.565000534057617,23.565000534057617,23.549999237060547,23.549999237060547,23.549999237060547,1214,,,,,,,,,2023-05-31 09:53:00+02:00
54,23.545000076293945,23.55500030517578,23.545000076293945,23.55500030517578,23.55500030517578,2574,,,,,,,,,2023-05-31 09:54:00+02:00
55,23.565000534057617,23.575000762939453,23.565000534057617,23.56999969482422,23.56999969482422,936,,,,,,,,,2023-05-31 09:55:00+02:00
56,23.59000015258789,23.59000015258789,23.59000015258789,23.59000015258789,23.59000015258789,459,,,,,,,,,2023-05-31 09:56:00+02:00
57,23.579999923706055,23.59000015258789,23.559999465942383,23.584999084472656,23.584999084472656,6585,,,,,,,,,2023-05-31 09:57:00+02:00
58,23.575000762939453,23.594999313354492,23.575000762939453,23.594999313354492,23.594999313354492,1165,,,,,,,,,2023-05-31 09:58:00+02:00
59,23.59000015258789,23.600000381469727,23.59000015258789,23.600000381469727,23.600000381469727,1214,,,,,,,,,2023-05-31 09:59:00+02:00
60,23.614999771118164,23.625,23.604999542236328,23.610000610351562,23.610000610351562,9508,,,,,,,,,2023-05-31 10:00:00+02:00
61,23.600000381469727,23.600000381469727,23.545000076293945,23.584999084472656,23.584999084472656,2629,,,,,,,,,2023-05-31 10:01:00+02:00
62,23.59000015258789,23.59000015258789,23.575000762939453,23.575000762939453,23.575000762939453,447,,,,,,,,,2023-05-31 10:02:00+02:00
63,23.559999465942383,23.565000534057617,23.559999465942383,23.559999465942383,23.559999465942383,1790,,,,,,,,,2023-05-31 10:03:00+02:00
64,23.559999465942383,23.565000534057617,23.559999465942383,23.565000534057617,23.565000534057617,1251,,,,,,,,,2023-05-31 10:04:00+02:00
65,23.56999969482422,23.575000762939453,23.56999969482422,23.575000762939453,23.575000762939453,666,,,,,,,,,2023-05-31 10:05:00+02:00
66,23.579999923706055,23.594999313354492,23.579999923706055,23.594999313354492,23.594999313354492,1721,,,,,,,,,2023-05-31 10:06:00+02:00
67,23.600000381469727,23.610000610351562,23.600000381469727,23.610000610351562,23.610000610351562,670,,,,,,,,,2023-05-31 10:07:00+02:00
68,23.6200008392334,23.639999389648438,23.6200008392334,23.639999389648438,23.639999389648438,1335,,,,,,,,,2023-05-31 10:08:00+02:00
69,23.649999618530273,23.65999984741211,23.645000457763672,23.65999984741211,23.65999984741211,3866,,,,,,,,,2023-05-31 10:09:00+02:00
70,23.655000686645508,23.655000686645508,23.6200008392334,23.6200008392334,23.6200008392334,3807,,,,,,,,,2023-05-31 10:10:00+02:00
71,23.614999771118164,23.6299991607666,23.614999771118164,23.6299991607666,23.6299991607666,5347,,,,,,,,,2023-05-31 10:11:00+02:00
72,23.639999389648438,23.639999389648438,23.635000228881836,23.635000228881836,23.635000228881836,320,,,,,,,,,2023-05-31 10:12:00+02:00
73,23.639999389648438,23.639999389648438,23.6299991607666,23.6299991607666,23.6299991607666,1177,,,,,,,,,2023-05-31 10:13:00+02:00
74,23.6299991607666,23.6299991607666,23.6200008392334,23.6200008392334,23.6200008392334,840,,,,,,,,,2023-05-31 10:14:00+02:00
75,23.6200008392334,23.649999618530273,23.6200008392334,23.645000457763672,23.645000457763672,4171,,,,,,,,,2023-05-31 10:15:00+02:00
76,23.649999618530273,23.674999237060547,23.649999618530273,23.665000915527344,23.665000915527344,3355,,,,,,,,,2023-05-31 10:16:00+02:00
77,23.665000915527344,23.665000915527344,23.65999984741211,23.65999984741211,23.65999984741211,1146,,,,,,,,,2023-05-31 10:17:00+02:00
78,23.68000030517578,23.684999465942383,23.68000030517578,23.684999465942383,23.684999465942383,1203,,,,,,,,,2023-05-31 10:18:00+02:00
79,23.665000915527344,23.670000076293945,23.65999984741211,23.670000076293945,23.670000076293945,942,,,,,,,,,2023-05-31 10:20:00+02:00
80,23.65999984741211,23.65999984741211,23.649999618530273,23.649999618530273,23.649999618530273,3208,,,,,,,,,2023-05-31 10:21:00+02:00
81,23.645000457763672,23.645000457763672,23.645000457763672,23.645000457763672,23.645000457763672,2245,,,,,,,,,2023-05-31 10:22:00+02:00
82,23.639999389648438,23.639999389648438,23.625,23.625,23.625,1252,,,,,,,,,2023-05-31 10:23:00+02:00
83,23.600000381469727,23.600000381469727,23.600000381469727,23.600000381469727,23.600000381469727,155,,,,,,,,,2023-05-31 10:24:00+02:00
84,23.59000015258789,23.600000381469727,23.59000015258789,23.600000381469727,23.600000381469727,1446,,,,,,,,,2023-05-31 10:25:00+02:00
85,23.604999542236328,23.610000610351562,23.604999542236328,23.610000610351562,23.610000610351562,2644,,,,,,,,,2023-05-31 10:26:00+02:00
86,23.59000015258789,23.59000015258789,23.575000762939453,23.584999084472656,23.584999084472656,3570,,,,,,,,,2023-05-31 10:27:00+02:00
87,23.584999084472656,23.584999084472656,23.575000762939453,23.584999084472656,23.584999084472656,1732,,,,,,,,,2023-05-31 10:28:00+02:00
88,23.600000381469727,23.600000381469727,23.584999084472656,23.584999084472656,23.584999084472656,3097,,,,,,,,,2023-05-31 10:29:00+02:00
89,23.59000015258789,23.600000381469727,23.59000015258789,23.600000381469727,23.600000381469727,699,,,,,,,,,2023-05-31 10:30:00+02:00
90,23.579999923706055,23.59000015258789,23.579999923706055,23.584999084472656,23.584999084472656,850,,,,,,,,,2023-05-31 10:31:00+02:00
91,23.575000762939453,23.579999923706055,23.56999969482422,23.579999923706055,23.579999923706055,2117,,,,,,,,,2023-05-31 10:32:00+02:00
92,23.575000762939453,23.575000762939453,23.56999969482422,23.56999969482422,23.56999969482422,1634,,,,,,,,,2023-05-31 10:33:00+02:00
93,23.565000534057617,23.56999969482422,23.565000534057617,23.56999969482422,23.56999969482422,456,,,,,,,,,2023-05-31 10:34:00+02:00
94,23.559999465942383,23.559999465942383,23.55500030517578,23.559999465942383,23.559999465942383,1861,,,,,,,,,2023-05-31 10:35:00+02:00
95,23.559999465942383,23.559999465942383,23.55500030517578,23.559999465942383,23.559999465942383,1989,,,,,,,,,2023-05-31 10:36:00+02:00
96,23.559999465942383,23.579999923706055,23.559999465942383,23.579999923706055,23.579999923706055,2164,,,,,,,,,2023-05-31 10:37:00+02:00
97,23.575000762939453,23.575000762939453,23.559999465942383,23.559999465942383,23.559999465942383,565,,,,,,,,,2023-05-31 10:38:00+02:00
98,23.549999237060547,23.549999237060547,23.545000076293945,23.545000076293945,23.545000076293945,1662,,,,,,,,,2023-05-31 10:39:00+02:00
99,23.540000915527344,23.540000915527344,23.530000686645508,23.530000686645508,23.530000686645508,2125,,,,,,,,,2023-05-31 10:40:00+02:00
100,23.530000686645508,23.53499984741211,23.524999618530273,23.53499984741211,23.53499984741211,3835,,,,,,,,,2023-05-31 10:41:00+02:00
101,23.530000686645508,23.530000686645508,23.530000686645508,23.530000686645508,23.530000686645508,81,,,,,,,,,2023-05-31 10:42:00+02:00
102,23.524999618530273,23.55500030517578,23.524999618530273,23.540000915527344,23.540000915527344,11733,,,,,,,,,2023-05-31 10:43:00+02:00
103,23.53499984741211,23.53499984741211,23.524999618530273,23.530000686645508,23.530000686645508,1517,,,,,,,,,2023-05-31 10:44:00+02:00
104,23.524999618530273,23.53499984741211,23.524999618530273,23.53499984741211,23.53499984741211,589,,,,,,,,,2023-05-31 10:45:00+02:00
105,23.530000686645508,23.53499984741211,23.530000686645508,23.53499984741211,23.53499984741211,5811,,,,,,,,,2023-05-31 10:46:00+02:00
106,23.524999618530273,23.524999618530273,23.524999618530273,23.524999618530273,23.524999618530273,1030,,,,,,,,,2023-05-31 10:47:00+02:00
107,23.524999618530273,23.524999618530273,23.520000457763672,23.524999618530273,23.524999618530273,2391,,,,,,,,,2023-05-31 10:48:00+02:00
108,23.524999618530273,23.540000915527344,23.524999618530273,23.540000915527344,23.540000915527344,4202,,,,,,,,,2023-05-31 10:49:00+02:00
109,23.545000076293945,23.55500030517578,23.545000076293945,23.55500030517578,23.55500030517578,937,,,,,,,,,2023-05-31 10:50:00+02:00
110,23.55500030517578,23.559999465942383,23.55500030517578,23.559999465942383,23.559999465942383,1161,,,,,,,,,2023-05-31 10:51:00+02:00
111,23.559999465942383,23.565000534057617,23.55500030517578,23.55500030517578,23.55500030517578,7184,,,,,,,,,2023-05-31 10:52:00+02:00
112,23.559999465942383,23.565000534057617,23.53499984741211,23.53499984741211,23.53499984741211,10144,,,,,,,,,2023-05-31 10:53:00+02:00
113,23.530000686645508,23.530000686645508,23.520000457763672,23.520000457763672,23.520000457763672,5852,,,,,,,,,2023-05-31 10:54:00+02:00
114,23.530000686645508,23.545000076293945,23.530000686645508,23.53499984741211,23.53499984741211,2629,,,,,,,,,2023-05-31 10:55:00+02:00
115,23.530000686645508,23.53499984741211,23.524999618530273,23.524999618530273,23.524999618530273,2045,,,,,,,,,2023-05-31 10:56:00+02:00
116,23.530000686645508,23.540000915527344,23.530000686645508,23.540000915527344,23.540000915527344,393,,,,,,,,,2023-05-31 10:57:00+02:00
117,23.545000076293945,23.545000076293945,23.524999618530273,23.524999618530273,23.524999618530273,2966,,,,,,,,,2023-05-31 10:58:00+02:00
118,23.545000076293945,23.545000076293945,23.545000076293945,23.545000076293945,23.545000076293945,6346,,,,,,,,,2023-05-31 11:00:00+02:00
119,23.55500030517578,23.559999465942383,23.55500030517578,23.559999465942383,23.559999465942383,7717,,,,,,,,,2023-05-31 11:01:00+02:00
120,23.55500030517578,23.559999465942383,23.55500030517578,23.559999465942383,23.559999465942383,2860,,,,,,,,,2023-05-31 11:02:00+02:00
121,23.559999465942383,23.559999465942383,23.549999237060547,23.549999237060547,23.549999237060547,2426,,,,,,,,,2023-05-31 11:03:00+02:00
122,23.549999237060547,23.549999237060547,23.530000686645508,23.530000686645508,23.530000686645508,4711,,,,,,,,,2023-05-31 11:04:00+02:00
123,23.524999618530273,23.524999618530273,23.520000457763672,23.520000457763672,23.520000457763672,1085,,,,,,,,,2023-05-31 11:05:00+02:00
124,23.514999389648438,23.514999389648438,23.4950008392334,23.5,23.5,15824,,,,,,,,,2023-05-31 11:06:00+02:00
125,23.5049991607666,23.510000228881836,23.5049991607666,23.5049991607666,23.5049991607666,9956,,,,,,,,,2023-05-31 11:07:00+02:00
126,23.5049991607666,23.5049991607666,23.4950008392334,23.5,23.5,1229,,,,,,,,,2023-05-31 11:08:00+02:00
127,23.5049991607666,23.5049991607666,23.5049991607666,23.5049991607666,23.5049991607666,834,,,,,,,,,2023-05-31 11:09:00+02:00
128,23.5,23.5,23.459999084472656,23.459999084472656,23.459999084472656,3732,,,,,,,,,2023-05-31 11:10:00+02:00
129,23.46500015258789,23.46500015258789,23.454999923706055,23.454999923706055,23.454999923706055,1881,,,,,,,,,2023-05-31 11:11:00+02:00
130,23.454999923706055,23.459999084472656,23.454999923706055,23.454999923706055,23.454999923706055,845,,,,,,,,,2023-05-31 11:12:00+02:00
131,23.454999923706055,23.454999923706055,23.44499969482422,23.44499969482422,23.44499969482422,1805,,,,,,,,,2023-05-31 11:13:00+02:00
132,23.450000762939453,23.450000762939453,23.450000762939453,23.450000762939453,23.450000762939453,1321,,,,,,,,,2023-05-31 11:14:00+02:00
133,23.454999923706055,23.479999542236328,23.454999923706055,23.475000381469727,23.475000381469727,8846,,,,,,,,,2023-05-31 11:15:00+02:00
134,23.479999542236328,23.5,23.479999542236328,23.5,23.5,3825,,,,,,,,,2023-05-31 11:16:00+02:00
135,23.5,23.5,23.4950008392334,23.5,23.5,10686,,,,,,,,,2023-05-31 11:17:00+02:00
136,23.4950008392334,23.4950008392334,23.489999771118164,23.4950008392334,23.4950008392334,6399,,,,,,,,,2023-05-31 11:18:00+02:00
137,23.5,23.5049991607666,23.5,23.5049991607666,23.5049991607666,4539,,,,,,,,,2023-05-31 11:19:00+02:00
138,23.5049991607666,23.510000228881836,23.5049991607666,23.510000228881836,23.510000228881836,1762,,,,,,,,,2023-05-31 11:20:00+02:00
139,23.510000228881836,23.510000228881836,23.510000228881836,23.510000228881836,23.510000228881836,1252,,,,,,,,,2023-05-31 11:21:00+02:00
140,23.510000228881836,23.510000228881836,23.5,23.5,23.5,9208,,,,,,,,,2023-05-31 11:22:00+02:00
141,23.5,23.5049991607666,23.5,23.5049991607666,23.5049991607666,6552,,,,,,,,,2023-05-31 11:23:00+02:00
142,23.5049991607666,23.5049991607666,23.5049991607666,23.5049991607666,23.5049991607666,358,,,,,,,,,2023-05-31 11:24:00+02:00
143,23.5,23.5049991607666,23.5,23.5049991607666,23.5049991607666,3984,,,,,,,,,2023-05-31 11:25:00+02:00
144,23.5049991607666,23.5049991607666,23.5,23.5,23.5,2801,,,,,,,,,2023-05-31 11:26:00+02:00
145,23.5,23.5,23.5,23.5,23.5,5214,,,,,,,,,2023-05-31 11:27:00+02:00
146,23.4950008392334,23.4950008392334,23.46500015258789,23.489999771118164,23.489999771118164,13867,,,,,,,,,2023-05-31 11:28:00+02:00
147,23.489999771118164,23.5049991607666,23.489999771118164,23.5049991607666,23.5049991607666,2185,,,,,,,,,2023-05-31 11:29:00+02:00
148,23.5049991607666,23.510000228881836,23.4950008392334,23.5,23.5,10929,,,,,,,,,2023-05-31 11:30:00+02:00
149,23.5,23.5,23.5,23.5,23.5,8949,,,,,,,,,2023-05-31 11:31:00+02:00
150,23.5,23.5,23.5,23.5,23.5,2007,,,,,,,,,2023-05-31 11:32:00+02:00
151,23.5,23.5,23.5,23.5,23.5,3453,,,,,,,,,2023-05-31 11:33:00+02:00
152,23.4950008392334,23.4950008392334,23.489999771118164,23.4950008392334,23.4950008392334,7861,,,,,,,,,2023-05-31 11:34:00+02:00
153,23.489999771118164,23.489999771118164,23.459999084472656,23.459999084472656,23.459999084472656,17008,,,,,,,,,2023-05-31 11:35:00+02:00
154,23.469999313354492,23.469999313354492,23.454999923706055,23.459999084472656,23.459999084472656,10036,,,,,,,,,2023-05-31 11:36:00+02:00
155,23.450000762939453,23.450000762939453,23.440000534057617,23.440000534057617,23.440000534057617,2366,,,,,,,,,2023-05-31 11:37:00+02:00
156,23.43000030517578,23.434999465942383,23.424999237060547,23.434999465942383,23.434999465942383,5531,,,,,,,,,2023-05-31 11:38:00+02:00
157,23.440000534057617,23.459999084472656,23.440000534057617,23.459999084472656,23.459999084472656,1662,,,,,,,,,2023-05-31 11:39:00+02:00
158,23.475000381469727,23.475000381469727,23.469999313354492,23.469999313354492,23.469999313354492,1231,,,,,,,,,2023-05-31 11:40:00+02:00
159,23.479999542236328,23.479999542236328,23.479999542236328,23.479999542236328,23.479999542236328,2509,,,,,,,,,2023-05-31 11:41:00+02:00
160,23.485000610351562,23.485000610351562,23.485000610351562,23.485000610351562,23.485000610351562,441,,,,,,,,,2023-05-31 11:42:00+02:00
161,23.479999542236328,23.489999771118164,23.479999542236328,23.489999771118164,23.489999771118164,3234,,,,,,,,,2023-05-31 11:43:00+02:00
162,23.485000610351562,23.489999771118164,23.485000610351562,23.485000610351562,23.485000610351562,4403,,,,,,,,,2023-05-31 11:44:00+02:00
163,23.479999542236328,23.479999542236328,23.475000381469727,23.475000381469727,23.475000381469727,2879,,,,,,,,,2023-05-31 11:45:00+02:00
164,23.475000381469727,23.479999542236328,23.475000381469727,23.479999542236328,23.479999542236328,3509,,,,,,,,,2023-05-31 11:46:00+02:00
165,23.479999542236328,23.479999542236328,23.479999542236328,23.479999542236328,23.479999542236328,927,,,,,,,,,2023-05-31 11:47:00+02:00
166,23.479999542236328,23.479999542236328,23.479999542236328,23.479999542236328,23.479999542236328,880,,,,,,,,,2023-05-31 11:48:00+02:00
167,23.479999542236328,23.479999542236328,23.46500015258789,23.46500015258789,23.46500015258789,2739,,,,,,,,,2023-05-31 11:49:00+02:00
168,23.459999084472656,23.469999313354492,23.459999084472656,23.469999313354492,23.469999313354492,2560,,,,,,,,,2023-05-31 11:50:00+02:00
169,23.469999313354492,23.469999313354492,23.469999313354492,23.469999313354492,23.469999313354492,1015,,,,,,,,,2023-05-31 11:51:00+02:00
170,23.469999313354492,23.469999313354492,23.459999084472656,23.459999084472656,23.459999084472656,1805,,,,,,,,,2023-05-31 11:52:00+02:00
171,23.44499969482422,23.44499969482422,23.434999465942383,23.434999465942383,23.434999465942383,512,,,,,,,,,2023-05-31 11:53:00+02:00
172,23.440000534057617,23.450000762939453,23.440000534057617,23.450000762939453,23.450000762939453,4694,,,,,,,,,2023-05-31 11:54:00+02:00
173,23.44499969482422,23.44499969482422,23.440000534057617,23.440000534057617,23.440000534057617,1371,,,,,,,,,2023-05-31 11:55:00+02:00
174,23.440000534057617,23.440000534057617,23.43000030517578,23.43000030517578,23.43000030517578,1682,,,,,,,,,2023-05-31 11:56:00+02:00
175,23.420000076293945,23.420000076293945,23.420000076293945,23.420000076293945,23.420000076293945,361,,,,,,,,,2023-05-31 11:57:00+02:00
176,23.415000915527344,23.420000076293945,23.415000915527344,23.420000076293945,23.420000076293945,1500,,,,,,,,,2023-05-31 11:58:00+02:00
177,23.420000076293945,23.43000030517578,23.420000076293945,23.43000030517578,23.43000030517578,3325,,,,,,,,,2023-05-31 11:59:00+02:00
178,23.434999465942383,23.44499969482422,23.43000030517578,23.440000534057617,23.440000534057617,2568,,,,,,,,,2023-05-31 12:00:00+02:00
179,23.450000762939453,23.450000762939453,23.440000534057617,23.440000534057617,23.440000534057617,2531,,,,,,,,,2023-05-31 12:01:00+02:00
180,23.434999465942383,23.434999465942383,23.434999465942383,23.434999465942383,23.434999465942383,383,,,,,,,,,2023-05-31 12:02:00+02:00
181,23.43000030517578,23.43000030517578,23.424999237060547,23.424999237060547,23.424999237060547,1613,,,,,,,,,2023-05-31 12:03:00+02:00
182,23.43000030517578,23.43000030517578,23.420000076293945,23.420000076293945,23.420000076293945,1467,,,,,,,,,2023-05-31 12:04:00+02:00
183,23.415000915527344,23.415000915527344,23.405000686645508,23.405000686645508,23.405000686645508,2527,,,,,,,,,2023-05-31 12:05:00+02:00
184,23.415000915527344,23.415000915527344,23.415000915527344,23.415000915527344,23.415000915527344,654,,,,,,,,,2023-05-31 12:06:00+02:00
185,23.420000076293945,23.424999237060547,23.420000076293945,23.424999237060547,23.424999237060547,2525,,,,,,,,,2023-05-31 12:07:00+02:00
186,23.415000915527344,23.415000915527344,23.415000915527344,23.415000915527344,23.415000915527344,679,,,,,,,,,2023-05-31 12:09:00+02:00
187,23.415000915527344,23.424999237060547,23.415000915527344,23.420000076293945,23.420000076293945,5802,,,,,,,,,2023-05-31 12:10:00+02:00
188,23.415000915527344,23.415000915527344,23.405000686645508,23.405000686645508,23.405000686645508,1569,,,,,,,,,2023-05-31 12:11:00+02:00
189,23.399999618530273,23.399999618530273,23.389999389648438,23.389999389648438,23.389999389648438,2872,,,,,,,,,2023-05-31 12:12:00+02:00
190,23.389999389648438,23.405000686645508,23.389999389648438,23.399999618530273,23.399999618530273,6972,,,,,,,,,2023-05-31 12:13:00+02:00
191,23.405000686645508,23.40999984741211,23.405000686645508,23.40999984741211,23.40999984741211,2917,,,,,,,,,2023-05-31 12:14:00+02:00
192,23.415000915527344,23.415000915527344,23.415000915527344,23.415000915527344,23.415000915527344,1304,,,,,,,,,2023-05-31 12:15:00+02:00
193,23.415000915527344,23.420000076293945,23.415000915527344,23.420000076293945,23.420000076293945,3503,,,,,,,,,2023-05-31 12:17:00+02:00
194,23.415000915527344,23.415000915527344,23.415000915527344,23.415000915527344,23.415000915527344,852,,,,,,,,,2023-05-31 12:18:00+02:00
195,23.420000076293945,23.420000076293945,23.420000076293945,23.420000076293945,23.420000076293945,4,,,,,,,,,2023-05-31 12:19:00+02:00
196,23.424999237060547,23.424999237060547,23.405000686645508,23.405000686645508,23.405000686645508,1963,,,,,,,,,2023-05-31 12:20:00+02:00
197,23.399999618530273,23.399999618530273,23.395000457763672,23.399999618530273,23.399999618530273,2733,,,,,,,,,2023-05-31 12:21:00+02:00
198,23.40999984741211,23.40999984741211,23.405000686645508,23.405000686645508,23.405000686645508,1509,,,,,,,,,2023-05-31 12:22:00+02:00
199,23.405000686645508,23.405000686645508,23.399999618530273,23.399999618530273,23.399999618530273,1340,,,,,,,,,2023-05-31 12:23:00+02:00
200,23.399999618530273,23.399999618530273,23.399999618530273,23.399999618530273,23.399999618530273,2972,,,,,,,,,2023-05-31 12:24:00+02:00
201,23.405000686645508,23.420000076293945,23.405000686645508,23.420000076293945,23.420000076293945,4480,,,,,,,,,2023-05-31 12:25:00+02:00
202,23.420000076293945,23.424999237060547,23.415000915527344,23.424999237060547,23.424999237060547,3177,,,,,,,,,2023-05-31 12:26:00+02:00
203,23.424999237060547,23.424999237060547,23.420000076293945,23.420000076293945,23.420000076293945,709,,,,,,,,,2023-05-31 12:27:00+02:00
204,23.415000915527344,23.415000915527344,23.415000915527344,23.415000915527344,23.415000915527344,1309,,,,,,,,,2023-05-31 12:28:00+02:00
205,23.415000915527344,23.415000915527344,23.415000915527344,23.415000915527344,23.415000915527344,1106,,,,,,,,,2023-05-31 12:29:00+02:00
206,23.415000915527344,23.420000076293945,23.415000915527344,23.420000076293945,23.420000076293945,1913,,,,,,,,,2023-05-31 12:30:00+02:00
207,23.420000076293945,23.424999237060547,23.420000076293945,23.424999237060547,23.424999237060547,1533,,,,,,,,,2023-05-31 12:31:00+02:00
208,23.424999237060547,23.434999465942383,23.424999237060547,23.434999465942383,23.434999465942383,2039,,,,,,,,,2023-05-31 12:32:00+02:00
209,23.440000534057617,23.440000534057617,23.434999465942383,23.440000534057617,23.440000534057617,4295,,,,,,,,,2023-05-31 12:33:00+02:00
210,23.440000534057617,23.440000534057617,23.434999465942383,23.440000534057617,23.440000534057617,2252,,,,,,,,,2023-05-31 12:34:00+02:00
211,23.440000534057617,23.440000534057617,23.440000534057617,23.440000534057617,23.440000534057617,2592,,,,,,,,,2023-05-31 12:36:00+02:00
212,23.434999465942383,23.44499969482422,23.43000030517578,23.44499969482422,23.44499969482422,14142,,,,,,,,,2023-05-31 12:37:00+02:00
213,23.450000762939453,23.450000762939453,23.44499969482422,23.44499969482422,23.44499969482422,9665,,,,,,,,,2023-05-31 12:38:00+02:00
214,23.450000762939453,23.450000762939453,23.450000762939453,23.450000762939453,23.450000762939453,4073,,,,,,,,,2023-05-31 12:39:00+02:00
215,23.454999923706055,23.454999923706055,23.454999923706055,23.454999923706055,23.454999923706055,1367,,,,,,,,,2023-05-31 12:40:00+02:00
216,23.454999923706055,23.459999084472656,23.450000762939453,23.459999084472656,23.459999084472656,4492,,,,,,,,,2023-05-31 12:41:00+02:00
217,23.46500015258789,23.469999313354492,23.46500015258789,23.469999313354492,23.469999313354492,1816,,,,,,,,,2023-05-31 12:42:00+02:00
218,23.469999313354492,23.469999313354492,23.469999313354492,23.469999313354492,23.469999313354492,597,,,,,,,,,2023-05-31 12:43:00+02:00
219,23.469999313354492,23.479999542236328,23.469999313354492,23.479999542236328,23.479999542236328,3791,,,,,,,,,2023-05-31 12:44:00+02:00
220,23.479999542236328,23.489999771118164,23.479999542236328,23.489999771118164,23.489999771118164,6126,,,,,,,,,2023-05-31 12:45:00+02:00
221,23.489999771118164,23.489999771118164,23.485000610351562,23.485000610351562,23.485000610351562,1259,,,,,,,,,2023-05-31 12:46:00+02:00
222,23.489999771118164,23.489999771118164,23.479999542236328,23.479999542236328,23.479999542236328,8990,,,,,,,,,2023-05-31 12:47:00+02:00
223,23.479999542236328,23.485000610351562,23.479999542236328,23.485000610351562,23.485000610351562,4561,,,,,,,,,2023-05-31 12:48:00+02:00
224,23.489999771118164,23.489999771118164,23.489999771118164,23.489999771118164,23.489999771118164,375,,,,,,,,,2023-05-31 12:49:00+02:00
225,23.4950008392334,23.5,23.4950008392334,23.4950008392334,23.4950008392334,4425,,,,,,,,,2023-05-31 12:50:00+02:00
226,23.4950008392334,23.4950008392334,23.489999771118164,23.489999771118164,23.489999771118164,2104,,,,,,,,,2023-05-31 12:51:00+02:00
227,23.485000610351562,23.485000610351562,23.479999542236328,23.479999542236328,23.479999542236328,2372,,,,,,,,,2023-05-31 12:52:00+02:00
228,23.475000381469727,23.475000381469727,23.475000381469727,23.475000381469727,23.475000381469727,376,,,,,,,,,2023-05-31 12:53:00+02:00
229,23.469999313354492,23.469999313354492,23.469999313354492,23.469999313354492,23.469999313354492,73,,,,,,,,,2023-05-31 12:54:00+02:00
230,23.469999313354492,23.469999313354492,23.454999923706055,23.454999923706055,23.454999923706055,7954,,,,,,,,,2023-05-31 12:55:00+02:00
231,23.450000762939453,23.450000762939453,23.44499969482422,23.44499969482422,23.44499969482422,1638,,,,,,,,,2023-05-31 12:56:00+02:00
232,23.44499969482422,23.44499969482422,23.424999237060547,23.424999237060547,23.424999237060547,4840,,,,,,,,,2023-05-31 12:57:00+02:00
233,23.424999237060547,23.424999237060547,23.420000076293945,23.424999237060547,23.424999237060547,2584,,,,,,,,,2023-05-31 12:58:00+02:00
234,23.420000076293945,23.44499969482422,23.420000076293945,23.44499969482422,23.44499969482422,4314,,,,,,,,,2023-05-31 12:59:00+02:00
235,23.450000762939453,23.450000762939453,23.424999237060547,23.434999465942383,23.434999465942383,5204,,,,,,,,,2023-05-31 13:00:00+02:00
236,23.434999465942383,23.434999465942383,23.434999465942383,23.434999465942383,23.434999465942383,985,,,,,,,,,2023-05-31 13:01:00+02:00
237,23.440000534057617,23.44499969482422,23.440000534057617,23.44499969482422,23.44499969482422,2655,,,,,,,,,2023-05-31 13:02:00+02:00
238,23.440000534057617,23.440000534057617,23.43000030517578,23.43000030517578,23.43000030517578,3428,,,,,,,,,2023-05-31 13:03:00+02:00
239,23.424999237060547,23.424999237060547,23.424999237060547,23.424999237060547,23.424999237060547,676,,,,,,,,,2023-05-31 13:04:00+02:00
240,23.43000030517578,23.434999465942383,23.43000030517578,23.43000030517578,23.43000030517578,6445,,,,,,,,,2023-05-31 13:05:00+02:00
241,23.43000030517578,23.440000534057617,23.43000030517578,23.440000534057617,23.440000534057617,2446,,,,,,,,,2023-05-31 13:06:00+02:00
242,23.44499969482422,23.450000762939453,23.44499969482422,23.44499969482422,23.44499969482422,2173,,,,,,,,,2023-05-31 13:07:00+02:00
243,23.44499969482422,23.450000762939453,23.440000534057617,23.440000534057617,23.440000534057617,4799,,,,,,,,,2023-05-31 13:08:00+02:00
244,23.440000534057617,23.440000534057617,23.434999465942383,23.434999465942383,23.434999465942383,1706,,,,,,,,,2023-05-31 13:09:00+02:00
245,23.434999465942383,23.434999465942383,23.424999237060547,23.424999237060547,23.424999237060547,1043,,,,,,,,,2023-05-31 13:10:00+02:00
246,23.43000030517578,23.434999465942383,23.43000030517578,23.434999465942383,23.434999465942383,1512,,,,,,,,,2023-05-31 13:11:00+02:00
247,23.43000030517578,23.450000762939453,23.43000030517578,23.44499969482422,23.44499969482422,4830,,,,,,,,,2023-05-31 13:12:00+02:00
248,23.44499969482422,23.44499969482422,23.440000534057617,23.440000534057617,23.440000534057617,725,,,,,,,,,2023-05-31 13:13:00+02:00
249,23.44499969482422,23.450000762939453,23.44499969482422,23.450000762939453,23.450000762939453,1069,,,,,,,,,2023-05-31 13:14:00+02:00
250,23.454999923706055,23.454999923706055,23.440000534057617,23.44499969482422,23.44499969482422,8949,,,,,,,,,2023-05-31 13:15:00+02:00
251,23.44499969482422,23.450000762939453,23.440000534057617,23.450000762939453,23.450000762939453,2873,,,,,,,,,2023-05-31 13:16:00+02:00
252,23.44499969482422,23.44499969482422,23.44499969482422,23.44499969482422,23.44499969482422,245,,,,,,,,,2023-05-31 13:17:00+02:00
253,23.454999923706055,23.454999923706055,23.454999923706055,23.454999923706055,23.454999923706055,664,,,,,,,,,2023-05-31 13:18:00+02:00
254,23.479999542236328,23.479999542236328,23.479999542236328,23.479999542236328,23.479999542236328,250,,,,,,,,,2023-05-31 13:19:00+02:00
255,23.489999771118164,23.489999771118164,23.479999542236328,23.479999542236328,23.479999542236328,4993,,,,,,,,,2023-05-31 13:20:00+02:00
256,23.489999771118164,23.4950008392334,23.489999771118164,23.4950008392334,23.4950008392334,4627,,,,,,,,,2023-05-31 13:21:00+02:00
257,23.5,23.5049991607666,23.4950008392334,23.5049991607666,23.5049991607666,1698,,,,,,,,,2023-05-31 13:22:00+02:00
258,23.4950008392334,23.5,23.4950008392334,23.4950008392334,23.4950008392334,1307,,,,,,,,,2023-05-31 13:23:00+02:00
259,23.5,23.524999618530273,23.5,23.524999618530273,23.524999618530273,2735,,,,,,,,,2023-05-31 13:25:00+02:00
260,23.524999618530273,23.524999618530273,23.510000228881836,23.510000228881836,23.510000228881836,4528,,,,,,,,,2023-05-31 13:26:00+02:00
261,23.510000228881836,23.510000228881836,23.4950008392334,23.4950008392334,23.4950008392334,1407,,,,,,,,,2023-05-31 13:27:00+02:00
262,23.4950008392334,23.4950008392334,23.4950008392334,23.4950008392334,23.4950008392334,721,,,,,,,,,2023-05-31 13:28:00+02:00
263,23.5,23.5,23.4950008392334,23.5,23.5,1355,,,,,,,,,2023-05-31 13:29:00+02:00
264,23.5049991607666,23.514999389648438,23.5049991607666,23.514999389648438,23.514999389648438,1302,,,,,,,,,2023-05-31 13:30:00+02:00
265,23.524999618530273,23.524999618530273,23.520000457763672,23.520000457763672,23.520000457763672,705,,,,,,,,,2023-05-31 13:31:00+02:00
266,23.514999389648438,23.520000457763672,23.514999389648438,23.520000457763672,23.520000457763672,1005,,,,,,,,,2023-05-31 13:32:00+02:00
267,23.524999618530273,23.53499984741211,23.524999618530273,23.530000686645508,23.530000686645508,1313,,,,,,,,,2023-05-31 13:33:00+02:00
268,23.53499984741211,23.540000915527344,23.53499984741211,23.540000915527344,23.540000915527344,2773,,,,,,,,,2023-05-31 13:34:00+02:00
269,23.540000915527344,23.540000915527344,23.530000686645508,23.530000686645508,23.530000686645508,172,,,,,,,,,2023-05-31 13:35:00+02:00
270,23.530000686645508,23.540000915527344,23.530000686645508,23.540000915527344,23.540000915527344,1748,,,,,,,,,2023-05-31 13:36:00+02:00
271,23.545000076293945,23.55500030517578,23.530000686645508,23.530000686645508,23.530000686645508,6283,,,,,,,,,2023-05-31 13:37:00+02:00
272,23.520000457763672,23.520000457763672,23.520000457763672,23.520000457763672,23.520000457763672,331,,,,,,,,,2023-05-31 13:38:00+02:00
273,23.510000228881836,23.510000228881836,23.510000228881836,23.510000228881836,23.510000228881836,359,,,,,,,,,2023-05-31 13:39:00+02:00
274,23.5,23.5,23.4950008392334,23.4950008392334,23.4950008392334,597,,,,,,,,,2023-05-31 13:40:00+02:00
275,23.4950008392334,23.510000228881836,23.4950008392334,23.510000228881836,23.510000228881836,1740,,,,,,,,,2023-05-31 13:42:00+02:00
276,23.514999389648438,23.520000457763672,23.514999389648438,23.520000457763672,23.520000457763672,1375,,,,,,,,,2023-05-31 13:43:00+02:00
277,23.520000457763672,23.520000457763672,23.514999389648438,23.514999389648438,23.514999389648438,981,,,,,,,,,2023-05-31 13:44:00+02:00
278,23.514999389648438,23.514999389648438,23.5049991607666,23.5049991607666,23.5049991607666,2504,,,,,,,,,2023-05-31 13:45:00+02:00
279,23.5049991607666,23.5049991607666,23.5,23.5,23.5,262,,,,,,,,,2023-05-31 13:46:00+02:00
280,23.4950008392334,23.4950008392334,23.475000381469727,23.475000381469727,23.475000381469727,1621,,,,,,,,,2023-05-31 13:47:00+02:00
281,23.475000381469727,23.475000381469727,23.475000381469727,23.475000381469727,23.475000381469727,1270,,,,,,,,,2023-05-31 13:48:00+02:00
282,23.475000381469727,23.475000381469727,23.475000381469727,23.475000381469727,23.475000381469727,63,,,,,,,,,2023-05-31 13:49:00+02:00
283,23.479999542236328,23.479999542236328,23.479999542236328,23.479999542236328,23.479999542236328,86,,,,,,,,,2023-05-31 13:50:00+02:00
284,23.485000610351562,23.485000610351562,23.46500015258789,23.46500015258789,23.46500015258789,2531,,,,,,,,,2023-05-31 13:51:00+02:00
285,23.454999923706055,23.454999923706055,23.454999923706055,23.454999923706055,23.454999923706055,340,,,,,,,,,2023-05-31 13:53:00+02:00
286,23.459999084472656,23.469999313354492,23.459999084472656,23.469999313354492,23.469999313354492,4451,,,,,,,,,2023-05-31 13:54:00+02:00
287,23.459999084472656,23.459999084472656,23.454999923706055,23.454999923706055,23.454999923706055,4099,,,,,,,,,2023-05-31 13:55:00+02:00
288,23.454999923706055,23.454999923706055,23.454999923706055,23.454999923706055,23.454999923706055,20,,,,,,,,,2023-05-31 13:56:00+02:00
289,23.450000762939453,23.459999084472656,23.450000762939453,23.459999084472656,23.459999084472656,1677,,,,,,,,,2023-05-31 13:57:00+02:00
290,23.450000762939453,23.450000762939453,23.450000762939453,23.450000762939453,23.450000762939453,300,,,,,,,,,2023-05-31 13:58:00+02:00
291,23.454999923706055,23.454999923706055,23.454999923706055,23.454999923706055,23.454999923706055,346,,,,,,,,,2023-05-31 13:59:00+02:00
292,23.450000762939453,23.450000762939453,23.440000534057617,23.440000534057617,23.440000534057617,1178,,,,,,,,,2023-05-31 14:00:00+02:00
293,23.43000030517578,23.43000030517578,23.424999237060547,23.424999237060547,23.424999237060547,424,,,,,,,,,2023-05-31 14:01:00+02:00
294,23.420000076293945,23.424999237060547,23.420000076293945,23.424999237060547,23.424999237060547,2670,,,,,,,,,2023-05-31 14:02:00+02:00
295,23.420000076293945,23.420000076293945,23.415000915527344,23.415000915527344,23.415000915527344,3389,,,,,,,,,2023-05-31 14:03:00+02:00
296,23.420000076293945,23.420000076293945,23.420000076293945,23.420000076293945,23.420000076293945,660,,,,,,,,,2023-05-31 14:04:00+02:00
297,23.420000076293945,23.420000076293945,23.415000915527344,23.415000915527344,23.415000915527344,892,,,,,,,,,2023-05-31 14:05:00+02:00
298,23.40999984741211,23.40999984741211,23.395000457763672,23.399999618530273,23.399999618530273,14207,,,,,,,,,2023-05-31 14:06:00+02:00
299,23.405000686645508,23.415000915527344,23.405000686645508,23.415000915527344,23.415000915527344,2319,,,,,,,,,2023-05-31 14:07:00+02:00
300,23.415000915527344,23.415000915527344,23.40999984741211,23.40999984741211,23.40999984741211,2057,,,,,,,,,2023-05-31 14:09:00+02:00
301,23.40999984741211,23.415000915527344,23.40999984741211,23.415000915527344,23.415000915527344,1103,,,,,,,,,2023-05-31 14:10:00+02:00
302,23.420000076293945,23.43000030517578,23.420000076293945,23.43000030517578,23.43000030517578,3291,,,,,,,,,2023-05-31 14:11:00+02:00
303,23.434999465942383,23.440000534057617,23.434999465942383,23.440000534057617,23.440000534057617,443,,,,,,,,,2023-05-31 14:12:00+02:00
304,23.450000762939453,23.450000762939453,23.450000762939453,23.450000762939453,23.450000762939453,1762,,,,,,,,,2023-05-31 14:13:00+02:00
305,23.450000762939453,23.459999084472656,23.450000762939453,23.459999084472656,23.459999084472656,1737,,,,,,,,,2023-05-31 14:14:00+02:00
306,23.459999084472656,23.46500015258789,23.459999084472656,23.46500015258789,23.46500015258789,5041,,,,,,,,,2023-05-31 14:15:00+02:00
307,23.46500015258789,23.46500015258789,23.454999923706055,23.46500015258789,23.46500015258789,6470,,,,,,,,,2023-05-31 14:16:00+02:00
308,23.469999313354492,23.475000381469727,23.459999084472656,23.46500015258789,23.46500015258789,6643,,,,,,,,,2023-05-31 14:17:00+02:00
309,23.489999771118164,23.489999771118164,23.479999542236328,23.485000610351562,23.485000610351562,2932,,,,,,,,,2023-05-31 14:18:00+02:00
310,23.479999542236328,23.485000610351562,23.479999542236328,23.485000610351562,23.485000610351562,1128,,,,,,,,,2023-05-31 14:19:00+02:00
311,23.489999771118164,23.489999771118164,23.489999771118164,23.489999771118164,23.489999771118164,346,,,,,,,,,2023-05-31 14:20:00+02:00
312,23.4950008392334,23.5,23.4950008392334,23.5,23.5,1521,,,,,,,,,2023-05-31 14:21:00+02:00
313,23.5049991607666,23.510000228881836,23.5,23.5,23.5,1279,,,,,,,,,2023-05-31 14:22:00+02:00
314,23.514999389648438,23.514999389648438,23.510000228881836,23.510000228881836,23.510000228881836,2726,,,,,,,,,2023-05-31 14:23:00+02:00
315,23.510000228881836,23.510000228881836,23.510000228881836,23.510000228881836,23.510000228881836,562,,,,,,,,,2023-05-31 14:24:00+02:00
316,23.520000457763672,23.520000457763672,23.5049991607666,23.5049991607666,23.5049991607666,7679,,,,,,,,,2023-05-31 14:25:00+02:00
317,23.5,23.5,23.5,23.5,23.5,4971,,,,,,,,,2023-05-31 14:26:00+02:00
318,23.5,23.5,23.4950008392334,23.4950008392334,23.4950008392334,2909,,,,,,,,,2023-05-31 14:27:00+02:00
319,23.5,23.5,23.5,23.5,23.5,1568,,,,,,,,,2023-05-31 14:28:00+02:00
320,23.5,23.5,23.4950008392334,23.4950008392334,23.4950008392334,1513,,,,,,,,,2023-05-31 14:30:00+02:00
321,23.4950008392334,23.510000228881836,23.4950008392334,23.510000228881836,23.510000228881836,2795,,,,,,,,,2023-05-31 14:31:00+02:00
322,23.510000228881836,23.510000228881836,23.510000228881836,23.510000228881836,23.510000228881836,1673,,,,,,,,,2023-05-31 14:32:00+02:00
323,23.5049991607666,23.510000228881836,23.5049991607666,23.510000228881836,23.510000228881836,994,,,,,,,,,2023-05-31 14:33:00+02:00
324,23.514999389648438,23.520000457763672,23.514999389648438,23.520000457763672,23.520000457763672,694,,,,,,,,,2023-05-31 14:34:00+02:00
325,23.524999618530273,23.524999618530273,23.520000457763672,23.520000457763672,23.520000457763672,4860,,,,,,,,,2023-05-31 14:35:00+02:00
326,23.520000457763672,23.520000457763672,23.514999389648438,23.520000457763672,23.520000457763672,3888,,,,,,,,,2023-05-31 14:36:00+02:00
327,23.520000457763672,23.520000457763672,23.520000457763672,23.520000457763672,23.520000457763672,2630,,,,,,,,,2023-05-31 14:37:00+02:00
328,23.520000457763672,23.520000457763672,23.520000457763672,23.520000457763672,23.520000457763672,1430,,,,,,,,,2023-05-31 14:38:00+02:00
329,23.514999389648438,23.520000457763672,23.514999389648438,23.514999389648438,23.514999389648438,7516,,,,,,,,,2023-05-31 14:39:00+02:00
330,23.530000686645508,23.530000686645508,23.520000457763672,23.524999618530273,23.524999618530273,7955,,,,,,,,,2023-05-31 14:41:00+02:00
331,23.530000686645508,23.53499984741211,23.530000686645508,23.53499984741211,23.53499984741211,4886,,,,,,,,,2023-05-31 14:42:00+02:00
332,23.530000686645508,23.530000686645508,23.530000686645508,23.530000686645508,23.530000686645508,7686,,,,,,,,,2023-05-31 14:43:00+02:00
333,23.530000686645508,23.530000686645508,23.5049991607666,23.5049991607666,23.5049991607666,4947,,,,,,,,,2023-05-31 14:44:00+02:00
334,23.5,23.5,23.5,23.5,23.5,1109,,,,,,,,,2023-05-31 14:45:00+02:00
335,23.4950008392334,23.5,23.4950008392334,23.5,23.5,4195,,,,,,,,,2023-05-31 14:46:00+02:00
336,23.5,23.5,23.4950008392334,23.5,23.5,4667,,,,,,,,,2023-05-31 14:47:00+02:00
337,23.5,23.5,23.479999542236328,23.479999542236328,23.479999542236328,14631,,,,,,,,,2023-05-31 14:48:00+02:00
338,23.479999542236328,23.479999542236328,23.475000381469727,23.479999542236328,23.479999542236328,1481,,,,,,,,,2023-05-31 14:49:00+02:00
339,23.475000381469727,23.475000381469727,23.475000381469727,23.475000381469727,23.475000381469727,1692,,,,,,,,,2023-05-31 14:50:00+02:00
340,23.475000381469727,23.485000610351562,23.469999313354492,23.485000610351562,23.485000610351562,3773,,,,,,,,,2023-05-31 14:51:00+02:00
341,23.479999542236328,23.485000610351562,23.475000381469727,23.485000610351562,23.485000610351562,6611,,,,,,,,,2023-05-31 14:52:00+02:00
342,23.489999771118164,23.489999771118164,23.485000610351562,23.489999771118164,23.489999771118164,677,,,,,,,,,2023-05-31 14:53:00+02:00
343,23.489999771118164,23.489999771118164,23.485000610351562,23.489999771118164,23.489999771118164,4565,,,,,,,,,2023-05-31 14:54:00+02:00
344,23.489999771118164,23.489999771118164,23.489999771118164,23.489999771118164,23.489999771118164,1628,,,,,,,,,2023-05-31 14:55:00+02:00
345,23.489999771118164,23.4950008392334,23.489999771118164,23.4950008392334,23.4950008392334,5848,,,,,,,,,2023-05-31 14:56:00+02:00
346,23.4950008392334,23.4950008392334,23.485000610351562,23.485000610351562,23.485000610351562,2319,,,,,,,,,2023-05-31 14:57:00+02:00
347,23.479999542236328,23.479999542236328,23.475000381469727,23.475000381469727,23.475000381469727,5304,,,,,,,,,2023-05-31 14:58:00+02:00
348,23.475000381469727,23.485000610351562,23.475000381469727,23.485000610351562,23.485000610351562,1288,,,,,,,,,2023-05-31 14:59:00+02:00
349,23.479999542236328,23.489999771118164,23.475000381469727,23.489999771118164,23.489999771118164,11548,,,,,,,,,2023-05-31 15:00:00+02:00
350,23.4950008392334,23.4950008392334,23.489999771118164,23.4950008392334,23.4950008392334,5909,,,,,,,,,2023-05-31 15:01:00+02:00
351,23.4950008392334,23.5,23.4950008392334,23.5,23.5,570,,,,,,,,,2023-05-31 15:02:00+02:00
352,23.4950008392334,23.4950008392334,23.489999771118164,23.4950008392334,23.4950008392334,6244,,,,,,,,,2023-05-31 15:03:00+02:00
353,23.4950008392334,23.4950008392334,23.479999542236328,23.485000610351562,23.485000610351562,5071,,,,,,,,,2023-05-31 15:04:00+02:00
354,23.485000610351562,23.485000610351562,23.459999084472656,23.459999084472656,23.459999084472656,13492,,,,,,,,,2023-05-31 15:05:00+02:00
355,23.459999084472656,23.459999084472656,23.454999923706055,23.454999923706055,23.454999923706055,2107,,,,,,,,,2023-05-31 15:06:00+02:00
356,23.459999084472656,23.469999313354492,23.459999084472656,23.46500015258789,23.46500015258789,5889,,,,,,,,,2023-05-31 15:07:00+02:00
357,23.459999084472656,23.459999084472656,23.44499969482422,23.454999923706055,23.454999923706055,3051,,,,,,,,,2023-05-31 15:08:00+02:00
358,23.454999923706055,23.475000381469727,23.454999923706055,23.475000381469727,23.475000381469727,4995,,,,,,,,,2023-05-31 15:09:00+02:00
359,23.475000381469727,23.489999771118164,23.46500015258789,23.485000610351562,23.485000610351562,10156,,,,,,,,,2023-05-31 15:10:00+02:00
360,23.485000610351562,23.489999771118164,23.475000381469727,23.489999771118164,23.489999771118164,3278,,,,,,,,,2023-05-31 15:11:00+02:00
361,23.489999771118164,23.5049991607666,23.489999771118164,23.5049991607666,23.5049991607666,1424,,,,,,,,,2023-05-31 15:12:00+02:00
362,23.510000228881836,23.510000228881836,23.4950008392334,23.5,23.5,5185,,,,,,,,,2023-05-31 15:13:00+02:00
363,23.510000228881836,23.510000228881836,23.510000228881836,23.510000228881836,23.510000228881836,565,,,,,,,,,2023-05-31 15:14:00+02:00
364,23.510000228881836,23.510000228881836,23.5,23.5,23.5,3206,,,,,,,,,2023-05-31 15:15:00+02:00
365,23.489999771118164,23.489999771118164,23.489999771118164,23.489999771118164,23.489999771118164,603,,,,,,,,,2023-05-31 15:16:00+02:00
366,23.489999771118164,23.489999771118164,23.46500015258789,23.479999542236328,23.479999542236328,6923,,,,,,,,,2023-05-31 15:17:00+02:00
367,23.485000610351562,23.510000228881836,23.485000610351562,23.510000228881836,23.510000228881836,4590,,,,,,,,,2023-05-31 15:18:00+02:00
368,23.5049991607666,23.5049991607666,23.4950008392334,23.4950008392334,23.4950008392334,2038,,,,,,,,,2023-05-31 15:19:00+02:00
369,23.5,23.5,23.489999771118164,23.5,23.5,4018,,,,,,,,,2023-05-31 15:20:00+02:00
370,23.5049991607666,23.514999389648438,23.5049991607666,23.514999389648438,23.514999389648438,583,,,,,,,,,2023-05-31 15:21:00+02:00
371,23.530000686645508,23.549999237060547,23.530000686645508,23.549999237060547,23.549999237060547,2767,,,,,,,,,2023-05-31 15:22:00+02:00
372,23.549999237060547,23.549999237060547,23.540000915527344,23.545000076293945,23.545000076293945,1782,,,,,,,,,2023-05-31 15:23:00+02:00
373,23.545000076293945,23.549999237060547,23.545000076293945,23.545000076293945,23.545000076293945,3155,,,,,,,,,2023-05-31 15:24:00+02:00
374,23.545000076293945,23.545000076293945,23.530000686645508,23.530000686645508,23.530000686645508,3052,,,,,,,,,2023-05-31 15:25:00+02:00
375,23.530000686645508,23.53499984741211,23.530000686645508,23.530000686645508,23.530000686645508,1097,,,,,,,,,2023-05-31 15:26:00+02:00
376,23.540000915527344,23.540000915527344,23.53499984741211,23.540000915527344,23.540000915527344,3737,,,,,,,,,2023-05-31 15:27:00+02:00
377,23.540000915527344,23.549999237060547,23.53499984741211,23.53499984741211,23.53499984741211,3622,,,,,,,,,2023-05-31 15:28:00+02:00
378,23.53499984741211,23.53499984741211,23.524999618530273,23.530000686645508,23.530000686645508,6011,,,,,,,,,2023-05-31 15:29:00+02:00
379,23.524999618530273,23.524999618530273,23.485000610351562,23.5049991607666,23.5049991607666,21063,,,,,,,,,2023-05-31 15:30:00+02:00
380,23.5049991607666,23.524999618530273,23.4950008392334,23.514999389648438,23.514999389648438,14697,,,,,,,,,2023-05-31 15:31:00+02:00
381,23.5049991607666,23.530000686645508,23.479999542236328,23.479999542236328,23.479999542236328,22014,,,,,,,,,2023-05-31 15:32:00+02:00
382,23.479999542236328,23.479999542236328,23.434999465942383,23.434999465942383,23.434999465942383,7516,,,,,,,,,2023-05-31 15:33:00+02:00
383,23.434999465942383,23.450000762939453,23.389999389648438,23.399999618530273,23.399999618530273,13013,,,,,,,,,2023-05-31 15:34:00+02:00
384,23.399999618530273,23.43000030517578,23.389999389648438,23.389999389648438,23.389999389648438,11467,,,,,,,,,2023-05-31 15:35:00+02:00
385,23.385000228881836,23.399999618530273,23.385000228881836,23.395000457763672,23.395000457763672,5665,,,,,,,,,2023-05-31 15:36:00+02:00
386,23.389999389648438,23.389999389648438,23.3700008392334,23.375,23.375,2465,,,,,,,,,2023-05-31 15:37:00+02:00
387,23.3700008392334,23.3700008392334,23.334999084472656,23.354999542236328,23.354999542236328,8983,,,,,,,,,2023-05-31 15:38:00+02:00
388,23.350000381469727,23.385000228881836,23.350000381469727,23.385000228881836,23.385000228881836,873,,,,,,,,,2023-05-31 15:39:00+02:00
389,23.3799991607666,23.3799991607666,23.3700008392334,23.3700008392334,23.3700008392334,5369,,,,,,,,,2023-05-31 15:40:00+02:00
390,23.360000610351562,23.389999389648438,23.350000381469727,23.364999771118164,23.364999771118164,7456,,,,,,,,,2023-05-31 15:41:00+02:00
391,23.364999771118164,23.395000457763672,23.364999771118164,23.3799991607666,23.3799991607666,16871,,,,,,,,,2023-05-31 15:42:00+02:00
392,23.375,23.389999389648438,23.3700008392334,23.3700008392334,23.3700008392334,4810,,,,,,,,,2023-05-31 15:43:00+02:00
393,23.375,23.389999389648438,23.375,23.375,23.375,3508,,,,,,,,,2023-05-31 15:44:00+02:00
394,23.3799991607666,23.395000457763672,23.3700008392334,23.385000228881836,23.385000228881836,8182,,,,,,,,,2023-05-31 15:45:00+02:00
395,23.3799991607666,23.385000228881836,23.3700008392334,23.3700008392334,23.3700008392334,9801,,,,,,,,,2023-05-31 15:46:00+02:00
396,23.364999771118164,23.364999771118164,23.31999969482422,23.31999969482422,23.31999969482422,33063,,,,,,,,,2023-05-31 15:47:00+02:00
397,23.325000762939453,23.325000762939453,23.299999237060547,23.299999237060547,23.299999237060547,6444,,,,,,,,,2023-05-31 15:48:00+02:00
398,23.280000686645508,23.31999969482422,23.280000686645508,23.315000534057617,23.315000534057617,6491,,,,,,,,,2023-05-31 15:49:00+02:00
399,23.30500030517578,23.329999923706055,23.30500030517578,23.30500030517578,23.30500030517578,9685,,,,,,,,,2023-05-31 15:50:00+02:00
400,23.299999237060547,23.334999084472656,23.299999237060547,23.325000762939453,23.325000762939453,4118,,,,,,,,,2023-05-31 15:51:00+02:00
401,23.31999969482422,23.31999969482422,23.30500030517578,23.315000534057617,23.315000534057617,7682,,,,,,,,,2023-05-31 15:52:00+02:00
402,23.309999465942383,23.309999465942383,23.290000915527344,23.295000076293945,23.295000076293945,11455,,,,,,,,,2023-05-31 15:53:00+02:00
403,23.295000076293945,23.30500030517578,23.28499984741211,23.299999237060547,23.299999237060547,5889,,,,,,,,,2023-05-31 15:54:00+02:00
404,23.295000076293945,23.325000762939453,23.295000076293945,23.325000762939453,23.325000762939453,6492,,,,,,,,,2023-05-31 15:55:00+02:00
405,23.325000762939453,23.325000762939453,23.30500030517578,23.31999969482422,23.31999969482422,6205,,,,,,,,,2023-05-31 15:56:00+02:00
406,23.31999969482422,23.350000381469727,23.31999969482422,23.350000381469727,23.350000381469727,3759,,,,,,,,,2023-05-31 15:57:00+02:00
407,23.34000015258789,23.344999313354492,23.329999923706055,23.34000015258789,23.34000015258789,10775,,,,,,,,,2023-05-31 15:58:00+02:00
408,23.334999084472656,23.334999084472656,23.329999923706055,23.329999923706055,23.329999923706055,10646,,,,,,,,,2023-05-31 15:59:00+02:00
409,23.329999923706055,23.334999084472656,23.325000762939453,23.325000762939453,23.325000762939453,12437,,,,,,,,,2023-05-31 16:00:00+02:00
410,23.30500030517578,23.315000534057617,23.299999237060547,23.299999237060547,23.299999237060547,13993,,,,,,,,,2023-05-31 16:01:00+02:00
411,23.299999237060547,23.334999084472656,23.299999237060547,23.31999969482422,23.31999969482422,13015,,,,,,,,,2023-05-31 16:02:00+02:00
412,23.309999465942383,23.354999542236328,23.30500030517578,23.354999542236328,23.354999542236328,6770,,,,,,,,,2023-05-31 16:03:00+02:00
413,23.354999542236328,23.360000610351562,23.344999313354492,23.354999542236328,23.354999542236328,9820,,,,,,,,,2023-05-31 16:04:00+02:00
414,23.354999542236328,23.360000610351562,23.344999313354492,23.354999542236328,23.354999542236328,5548,,,,,,,,,2023-05-31 16:05:00+02:00
415,23.354999542236328,23.354999542236328,23.334999084472656,23.34000015258789,23.34000015258789,9584,,,,,,,,,2023-05-31 16:06:00+02:00
416,23.34000015258789,23.364999771118164,23.334999084472656,23.364999771118164,23.364999771118164,4659,,,,,,,,,2023-05-31 16:07:00+02:00
417,23.360000610351562,23.364999771118164,23.350000381469727,23.364999771118164,23.364999771118164,7773,,,,,,,,,2023-05-31 16:08:00+02:00
418,23.350000381469727,23.354999542236328,23.344999313354492,23.350000381469727,23.350000381469727,6616,,,,,,,,,2023-05-31 16:09:00+02:00
419,23.344999313354492,23.344999313354492,23.334999084472656,23.334999084472656,23.334999084472656,7300,,,,,,,,,2023-05-31 16:10:00+02:00
420,23.34000015258789,23.350000381469727,23.334999084472656,23.334999084472656,23.334999084472656,11580,,,,,,,,,2023-05-31 16:11:00+02:00
421,23.329999923706055,23.329999923706055,23.315000534057617,23.329999923706055,23.329999923706055,6779,,,,,,,,,2023-05-31 16:12:00+02:00
422,23.329999923706055,23.334999084472656,23.315000534057617,23.31999969482422,23.31999969482422,19056,,,,,,,,,2023-05-31 16:13:00+02:00
423,23.309999465942383,23.31999969482422,23.299999237060547,23.309999465942383,23.309999465942383,14389,,,,,,,,,2023-05-31 16:14:00+02:00
424,23.309999465942383,23.329999923706055,23.309999465942383,23.329999923706055,23.329999923706055,3305,,,,,,,,,2023-05-31 16:15:00+02:00
425,23.325000762939453,23.325000762939453,23.315000534057617,23.31999969482422,23.31999969482422,9278,,,,,,,,,2023-05-31 16:16:00+02:00
426,23.315000534057617,23.325000762939453,23.315000534057617,23.31999969482422,23.31999969482422,7110,,,,,,,,,2023-05-31 16:17:00+02:00
427,23.31999969482422,23.344999313354492,23.31999969482422,23.34000015258789,23.34000015258789,9819,,,,,,,,,2023-05-31 16:18:00+02:00
428,23.34000015258789,23.34000015258789,23.31999969482422,23.34000015258789,23.34000015258789,8048,,,,,,,,,2023-05-31 16:19:00+02:00
429,23.34000015258789,23.344999313354492,23.325000762939453,23.325000762939453,23.325000762939453,5995,,,,,,,,,2023-05-31 16:20:00+02:00
430,23.329999923706055,23.334999084472656,23.329999923706055,23.334999084472656,23.334999084472656,6647,,,,,,,,,2023-05-31 16:21:00+02:00
431,23.329999923706055,23.34000015258789,23.325000762939453,23.34000015258789,23.34000015258789,5188,,,,,,,,,2023-05-31 16:22:00+02:00
432,23.34000015258789,23.344999313354492,23.34000015258789,23.344999313354492,23.344999313354492,8335,,,,,,,,,2023-05-31 16:23:00+02:00
433,23.34000015258789,23.360000610351562,23.34000015258789,23.350000381469727,23.350000381469727,10797,,,,,,,,,2023-05-31 16:24:00+02:00
434,23.350000381469727,23.364999771118164,23.34000015258789,23.34000015258789,23.34000015258789,8366,,,,,,,,,2023-05-31 16:25:00+02:00
435,23.34000015258789,23.350000381469727,23.315000534057617,23.34000015258789,23.34000015258789,12585,,,,,,,,,2023-05-31 16:26:00+02:00
436,23.334999084472656,23.34000015258789,23.31999969482422,23.334999084472656,23.334999084472656,7560,,,,,,,,,2023-05-31 16:27:00+02:00
437,23.329999923706055,23.329999923706055,23.315000534057617,23.329999923706055,23.329999923706055,5986,,,,,,,,,2023-05-31 16:28:00+02:00
438,23.325000762939453,23.334999084472656,23.325000762939453,23.329999923706055,23.329999923706055,5698,,,,,,,,,2023-05-31 16:29:00+02:00
439,23.329999923706055,23.329999923706055,23.315000534057617,23.315000534057617,23.315000534057617,12167,,,,,,,,,2023-05-31 16:30:00+02:00
440,23.309999465942383,23.309999465942383,23.28499984741211,23.299999237060547,23.299999237060547,22360,,,,,,,,,2023-05-31 16:31:00+02:00
441,23.30500030517578,23.309999465942383,23.30500030517578,23.30500030517578,23.30500030517578,7161,,,,,,,,,2023-05-31 16:32:00+02:00
442,23.30500030517578,23.344999313354492,23.30500030517578,23.334999084472656,23.334999084472656,8141,,,,,,,,,2023-05-31 16:33:00+02:00
443,23.334999084472656,23.334999084472656,23.309999465942383,23.315000534057617,23.315000534057617,15577,,,,,,,,,2023-05-31 16:34:00+02:00
444,23.309999465942383,23.309999465942383,23.28499984741211,23.30500030517578,23.30500030517578,11901,,,,,,,,,2023-05-31 16:35:00+02:00
445,23.295000076293945,23.315000534057617,23.295000076293945,23.299999237060547,23.299999237060547,14896,,,,,,,,,2023-05-31 16:36:00+02:00
446,23.299999237060547,23.299999237060547,23.280000686645508,23.280000686645508,23.280000686645508,14099,,,,,,,,,2023-05-31 16:37:00+02:00
447,23.274999618530273,23.309999465942383,23.274999618530273,23.309999465942383,23.309999465942383,14942,,,,,,,,,2023-05-31 16:38:00+02:00
448,23.309999465942383,23.309999465942383,23.299999237060547,23.30500030517578,23.30500030517578,6881,,,,,,,,,2023-05-31 16:39:00+02:00
449,23.299999237060547,23.325000762939453,23.290000915527344,23.315000534057617,23.315000534057617,20456,,,,,,,,,2023-05-31 16:40:00+02:00
450,23.315000534057617,23.325000762939453,23.315000534057617,23.31999969482422,23.31999969482422,5803,,,,,,,,,2023-05-31 16:41:00+02:00
451,23.315000534057617,23.344999313354492,23.315000534057617,23.344999313354492,23.344999313354492,7013,,,,,,,,,2023-05-31 16:42:00+02:00
452,23.350000381469727,23.350000381469727,23.344999313354492,23.350000381469727,23.350000381469727,7741,,,,,,,,,2023-05-31 16:43:00+02:00
453,23.344999313354492,23.375,23.344999313354492,23.364999771118164,23.364999771118164,8850,,,,,,,,,2023-05-31 16:44:00+02:00
454,23.3700008392334,23.389999389648438,23.3700008392334,23.389999389648438,23.389999389648438,5191,,,,,,,,,2023-05-31 16:45:00+02:00
455,23.385000228881836,23.399999618530273,23.3799991607666,23.399999618530273,23.399999618530273,9038,,,,,,,,,2023-05-31 16:46:00+02:00
456,23.399999618530273,23.405000686645508,23.389999389648438,23.399999618530273,23.399999618530273,11296,,,,,,,,,2023-05-31 16:47:00+02:00
457,23.395000457763672,23.395000457763672,23.389999389648438,23.389999389648438,23.389999389648438,7349,,,,,,,,,2023-05-31 16:48:00+02:00
458,23.389999389648438,23.389999389648438,23.360000610351562,23.364999771118164,23.364999771118164,15364,,,,,,,,,2023-05-31 16:49:00+02:00
459,23.364999771118164,23.364999771118164,23.350000381469727,23.364999771118164,23.364999771118164,15466,,,,,,,,,2023-05-31 16:50:00+02:00
460,23.360000610351562,23.360000610351562,23.34000015258789,23.344999313354492,23.344999313354492,7239,,,,,,,,,2023-05-31 16:51:00+02:00
461,23.344999313354492,23.344999313354492,23.334999084472656,23.334999084472656,23.334999084472656,7004,,,,,,,,,2023-05-31 16:52:00+02:00
462,23.334999084472656,23.34000015258789,23.329999923706055,23.329999923706055,23.329999923706055,10208,,,,,,,,,2023-05-31 16:53:00+02:00
463,23.325000762939453,23.329999923706055,23.31999969482422,23.329999923706055,23.329999923706055,8739,,,,,,,,,2023-05-31 16:54:00+02:00
464,23.329999923706055,23.329999923706055,23.309999465942383,23.309999465942383,23.309999465942383,8366,,,,,,,,,2023-05-31 16:55:00+02:00
465,23.31999969482422,23.354999542236328,23.31999969482422,23.350000381469727,23.350000381469727,13493,,,,,,,,,2023-05-31 16:56:00+02:00
466,23.350000381469727,23.350000381469727,23.309999465942383,23.315000534057617,23.315000534057617,9026,,,,,,,,,2023-05-31 16:57:00+02:00
467,23.309999465942383,23.309999465942383,23.290000915527344,23.290000915527344,23.290000915527344,6130,,,,,,,,,2023-05-31 16:58:00+02:00
468,23.290000915527344,23.290000915527344,23.264999389648438,23.264999389648438,23.264999389648438,4623,,,,,,,,,2023-05-31 16:59:00+02:00
469,23.270000457763672,23.270000457763672,23.264999389648438,23.270000457763672,23.270000457763672,4244,,,,,,,,,2023-05-31 17:00:00+02:00
470,23.2549991607666,23.264999389648438,23.25,23.260000228881836,23.260000228881836,21607,,,,,,,,,2023-05-31 17:03:00+02:00
471,23.260000228881836,23.264999389648438,23.2549991607666,23.264999389648438,23.264999389648438,5284,,,,,,,,,2023-05-31 17:04:00+02:00
472,23.260000228881836,23.280000686645508,23.2549991607666,23.2549991607666,23.2549991607666,3537,,,,,,,,,2023-05-31 17:05:00+02:00
473,23.25,23.2549991607666,23.2450008392334,23.2549991607666,23.2549991607666,13707,,,,,,,,,2023-05-31 17:06:00+02:00
474,23.2450008392334,23.2450008392334,23.239999771118164,23.2450008392334,23.2450008392334,2100,,,,,,,,,2023-05-31 17:07:00+02:00
475,23.25,23.25,23.239999771118164,23.239999771118164,23.239999771118164,9937,,,,,,,,,2023-05-31 17:08:00+02:00
476,23.239999771118164,23.239999771118164,23.239999771118164,23.239999771118164,23.239999771118164,3292,,,,,,,,,2023-05-31 17:09:00+02:00
477,23.239999771118164,23.2450008392334,23.239999771118164,23.2450008392334,23.2450008392334,3009,,,,,,,,,2023-05-31 17:10:00+02:00
478,23.2450008392334,23.2450008392334,23.235000610351562,23.2450008392334,23.2450008392334,2349,,,,,,,,,2023-05-31 17:11:00+02:00
479,23.239999771118164,23.2450008392334,23.239999771118164,23.2450008392334,23.2450008392334,2474,,,,,,,,,2023-05-31 17:12:00+02:00
480,23.239999771118164,23.2450008392334,23.235000610351562,23.239999771118164,23.239999771118164,6945,,,,,,,,,2023-05-31 17:13:00+02:00
481,23.239999771118164,23.2549991607666,23.235000610351562,23.25,23.25,11363,,,,,,,,,2023-05-31 17:14:00+02:00
482,23.2549991607666,23.2549991607666,23.235000610351562,23.235000610351562,23.235000610351562,11521,,,,,,,,,2023-05-31 17:15:00+02:00
483,23.229999542236328,23.235000610351562,23.225000381469727,23.225000381469727,23.225000381469727,9131,,,,,,,,,2023-05-31 17:16:00+02:00
484,23.225000381469727,23.225000381469727,23.209999084472656,23.21500015258789,23.21500015258789,17545,,,,,,,,,2023-05-31 17:17:00+02:00
485,23.21500015258789,23.229999542236328,23.21500015258789,23.229999542236328,23.229999542236328,5979,,,,,,,,,2023-05-31 17:18:00+02:00
486,23.229999542236328,23.2549991607666,23.229999542236328,23.2549991607666,23.2549991607666,12493,,,,,,,,,2023-05-31 17:19:00+02:00
487,23.260000228881836,23.274999618530273,23.260000228881836,23.274999618530273,23.274999618530273,11890,,,,,,,,,2023-05-31 17:20:00+02:00
488,23.280000686645508,23.280000686645508,23.2549991607666,23.260000228881836,23.260000228881836,9354,,,,,,,,,2023-05-31 17:21:00+02:00
489,23.260000228881836,23.260000228881836,23.2549991607666,23.2549991607666,23.2549991607666,6897,,,,,,,,,2023-05-31 17:22:00+02:00
490,23.25,23.2549991607666,23.2450008392334,23.25,23.25,18434,,,,,,,,,2023-05-31 17:23:00+02:00
491,23.25,23.25,23.2450008392334,23.2450008392334,23.2450008392334,6782,,,,,,,,,2023-05-31 17:24:00+02:00
492,23.25,23.260000228881836,23.25,23.260000228881836,23.260000228881836,3323,,,,,,,,,2023-05-31 17:25:00+02:00
493,23.2549991607666,23.2549991607666,23.25,23.25,23.25,23649,,,,,,,,,2023-05-31 17:27:00+02:00
494,23.25,23.2549991607666,23.235000610351562,23.239999771118164,23.239999771118164,16372,,,,,,,,,2023-05-31 17:28:00+02:00
495,23.235000610351562,23.239999771118164,23.209999084472656,23.209999084472656,23.209999084472656,12549,,,,,,,,,2023-05-31 17:29:00+02:00
