Date,Open,High,Low,Close,Adj Close,Volume,Date.1,Date.2,Date.3,Date.4,Date
0,43.5099983215332,43.52000045776367,43.20000076293945,43.310001373291016,43.310001373291016,28462,2023-05-24 09:30:00-04:00,,,,
1,43.2400016784668,43.279998779296875,43.22999954223633,43.22999954223633,43.22999954223633,0,,,,,2023-05-25 09:30:00-04:00
2,43.2400016784668,43.2400016784668,43.18000030517578,43.224998474121094,43.224998474121094,2435,,,,,2023-05-25 09:31:00-04:00
3,43.224998474121094,43.224998474121094,43.224998474121094,43.224998474121094,43.224998474121094,611,,,,,2023-05-25 09:32:00-04:00
4,43.2400016784668,43.279998779296875,43.2400016784668,43.25,43.25,3140,,,,,2023-05-25 09:33:00-04:00
5,43.290000915527344,43.33000183105469,43.2400016784668,43.2400016784668,43.2400016784668,7756,,,,,2023-05-25 09:34:00-04:00
6,43.290000915527344,43.290000915527344,43.2599983215332,43.2599983215332,43.2599983215332,1102,,,,,2023-05-25 09:35:00-04:00
7,43.25,43.25,43.209999084472656,43.209999084472656,43.209999084472656,2247,,,,,2023-05-25 09:36:00-04:00
8,43.189998626708984,43.189998626708984,43.119998931884766,43.119998931884766,43.119998931884766,887,,,,,2023-05-25 09:37:00-04:00
9,43.11000061035156,43.11000061035156,43.09000015258789,43.09000015258789,43.09000015258789,1581,,,,,2023-05-25 09:38:00-04:00
10,43.060001373291016,43.060001373291016,43.029998779296875,43.040000915527344,43.040000915527344,1614,,,,,2023-05-25 09:39:00-04:00
11,43.0099983215332,43.022499084472656,42.93000030517578,43.0,43.0,15856,,,,,2023-05-25 09:40:00-04:00
12,42.9900016784668,43.04999923706055,42.97999954223633,43.040000915527344,43.040000915527344,10561,,,,,2023-05-25 09:41:00-04:00
13,43.060001373291016,43.06999969482422,43.04999923706055,43.04999923706055,43.04999923706055,1442,,,,,2023-05-25 09:42:00-04:00
14,43.04999923706055,43.06999969482422,43.04999923706055,43.060001373291016,43.060001373291016,1852,,,,,2023-05-25 09:43:00-04:00
15,43.06650161743164,43.09000015258789,43.029998779296875,43.09000015258789,43.09000015258789,3183,,,,,2023-05-25 09:44:00-04:00
16,43.150001525878906,43.15999984741211,43.1327018737793,43.150001525878906,43.150001525878906,4401,,,,,2023-05-25 09:45:00-04:00
17,43.15999984741211,43.189998626708984,43.09000015258789,43.099998474121094,43.099998474121094,2845,,,,,2023-05-25 09:46:00-04:00
18,43.119998931884766,43.20000076293945,43.119998931884766,43.189998626708984,43.189998626708984,2492,,,,,2023-05-25 09:47:00-04:00
19,43.22999954223633,43.22999954223633,43.189998626708984,43.189998626708984,43.189998626708984,1777,,,,,2023-05-25 09:48:00-04:00
20,43.20000076293945,43.20000076293945,43.13999938964844,43.13999938964844,43.13999938964844,6085,,,,,2023-05-25 09:49:00-04:00
21,43.15999984741211,43.18000030517578,43.15999984741211,43.18000030517578,43.18000030517578,2411,,,,,2023-05-25 09:50:00-04:00
22,43.17499923706055,43.25,43.15999984741211,43.25,43.25,4877,,,,,2023-05-25 09:51:00-04:00
23,43.27000045776367,43.310001373291016,43.27000045776367,43.29999923706055,43.29999923706055,2046,,,,,2023-05-25 09:52:00-04:00
24,43.290000915527344,43.290000915527344,43.22999954223633,43.22999954223633,43.22999954223633,3089,,,,,2023-05-25 09:53:00-04:00
25,43.2599983215332,43.2599983215332,43.220001220703125,43.22999954223633,43.22999954223633,1871,,,,,2023-05-25 09:54:00-04:00
26,43.22999954223633,43.29999923706055,43.22999954223633,43.279998779296875,43.279998779296875,2803,,,,,2023-05-25 09:55:00-04:00
27,43.26499938964844,43.31999969482422,43.26499938964844,43.31999969482422,43.31999969482422,1260,,,,,2023-05-25 09:56:00-04:00
28,43.34000015258789,43.34000015258789,43.290000915527344,43.29999923706055,43.29999923706055,2230,,,,,2023-05-25 09:57:00-04:00
29,43.34000015258789,43.38999938964844,43.34000015258789,43.38999938964844,43.38999938964844,4396,,,,,2023-05-25 09:58:00-04:00
30,43.38999938964844,43.38999938964844,43.36000061035156,43.380001068115234,43.380001068115234,4793,,,,,2023-05-25 09:59:00-04:00
31,43.3849983215332,43.459999084472656,43.380001068115234,43.459999084472656,43.459999084472656,5939,,,,,2023-05-25 10:00:00-04:00
32,43.43000030517578,43.43000030517578,43.38249969482422,43.400001525878906,43.400001525878906,2980,,,,,2023-05-25 10:01:00-04:00
33,43.38999938964844,43.40999984741211,43.38999938964844,43.39500045776367,43.39500045776367,2696,,,,,2023-05-25 10:02:00-04:00
34,43.38999938964844,43.43000030517578,43.38999938964844,43.40999984741211,43.40999984741211,2707,,,,,2023-05-25 10:03:00-04:00
35,43.39500045776367,43.40999984741211,43.380001068115234,43.400001525878906,43.400001525878906,9278,,,,,2023-05-25 10:04:00-04:00
36,43.400001525878906,43.43000030517578,43.400001525878906,43.41999816894531,43.41999816894531,2925,,,,,2023-05-25 10:05:00-04:00
37,43.400001525878906,43.404998779296875,43.34000015258789,43.34000015258789,43.34000015258789,8762,,,,,2023-05-25 10:06:00-04:00
38,43.34000015258789,43.380001068115234,43.33000183105469,43.369998931884766,43.369998931884766,6283,,,,,2023-05-25 10:07:00-04:00
39,43.349998474121094,43.349998474121094,43.25,43.27000045776367,43.27000045776367,4670,,,,,2023-05-25 10:08:00-04:00
40,43.22999954223633,43.22999954223633,43.220001220703125,43.22999954223633,43.22999954223633,1169,,,,,2023-05-25 10:09:00-04:00
41,43.220001220703125,43.220001220703125,43.189998626708984,43.189998626708984,43.189998626708984,4422,,,,,2023-05-25 10:10:00-04:00
42,43.18000030517578,43.209999084472656,43.16999816894531,43.16999816894531,43.16999816894531,3141,,,,,2023-05-25 10:11:00-04:00
43,43.16999816894531,43.18000030517578,43.15999984741211,43.16999816894531,43.16999816894531,3647,,,,,2023-05-25 10:12:00-04:00
44,43.20500183105469,43.20500183105469,43.18000030517578,43.20000076293945,43.20000076293945,5254,,,,,2023-05-25 10:13:00-04:00
45,43.189998626708984,43.189998626708984,43.130001068115234,43.130001068115234,43.130001068115234,2105,,,,,2023-05-25 10:14:00-04:00
46,43.119998931884766,43.20000076293945,43.1150016784668,43.20000076293945,43.20000076293945,5891,,,,,2023-05-25 10:15:00-04:00
47,43.209999084472656,43.209999084472656,43.18000030517578,43.18000030517578,43.18000030517578,3539,,,,,2023-05-25 10:16:00-04:00
48,43.16999816894531,43.189998626708984,43.16999816894531,43.185001373291016,43.185001373291016,5298,,,,,2023-05-25 10:17:00-04:00
49,43.18000030517578,43.18000030517578,43.150001525878906,43.17499923706055,43.17499923706055,6783,,,,,2023-05-25 10:18:00-04:00
50,43.18000030517578,43.20000076293945,43.17499923706055,43.189998626708984,43.189998626708984,3150,,,,,2023-05-25 10:19:00-04:00
51,43.17499923706055,43.189998626708984,43.130001068115234,43.13999938964844,43.13999938964844,3141,,,,,2023-05-25 10:20:00-04:00
52,43.130001068115234,43.130001068115234,43.11000061035156,43.11000061035156,43.11000061035156,2059,,,,,2023-05-25 10:21:00-04:00
53,43.10499954223633,43.130001068115234,43.099998474121094,43.130001068115234,43.130001068115234,2261,,,,,2023-05-25 10:22:00-04:00
54,43.125,43.125,43.099998474121094,43.119998931884766,43.119998931884766,3816,,,,,2023-05-25 10:23:00-04:00
55,43.119998931884766,43.14500045776367,43.1150016784668,43.14500045776367,43.14500045776367,3448,,,,,2023-05-25 10:24:00-04:00
56,43.13999938964844,43.15999984741211,43.1349983215332,43.150001525878906,43.150001525878906,3114,,,,,2023-05-25 10:25:00-04:00
57,43.13999938964844,43.16999816894531,43.13999938964844,43.154998779296875,43.154998779296875,2382,,,,,2023-05-25 10:26:00-04:00
58,43.15999984741211,43.15999984741211,43.10499954223633,43.10499954223633,43.10499954223633,4165,,,,,2023-05-25 10:27:00-04:00
59,43.099998474121094,43.119998931884766,43.087501525878906,43.10499954223633,43.10499954223633,4680,,,,,2023-05-25 10:28:00-04:00
60,43.10499954223633,43.119998931884766,43.06999969482422,43.08000183105469,43.08000183105469,3457,,,,,2023-05-25 10:29:00-04:00
61,43.09000015258789,43.119998931884766,43.09000015258789,43.11000061035156,43.11000061035156,3734,,,,,2023-05-25 10:30:00-04:00
62,43.10499954223633,43.130001068115234,43.084999084472656,43.11000061035156,43.11000061035156,3166,,,,,2023-05-25 10:31:00-04:00
63,43.099998474121094,43.099998474121094,43.060001373291016,43.08000183105469,43.08000183105469,3084,,,,,2023-05-25 10:32:00-04:00
64,43.06999969482422,43.06999969482422,42.97999954223633,42.97999954223633,42.97999954223633,3544,,,,,2023-05-25 10:33:00-04:00
65,42.97999954223633,43.01499938964844,42.970001220703125,43.01499938964844,43.01499938964844,2694,,,,,2023-05-25 10:34:00-04:00
66,43.005001068115234,43.005001068115234,42.96500015258789,42.970001220703125,42.970001220703125,10129,,,,,2023-05-25 10:35:00-04:00
67,42.970001220703125,43.0,42.900001525878906,42.97999954223633,42.97999954223633,11526,,,,,2023-05-25 10:36:00-04:00
68,43.0,43.01499938964844,42.974998474121094,43.01499938964844,43.01499938964844,2505,,,,,2023-05-25 10:37:00-04:00
69,43.029998779296875,43.029998779296875,43.02000045776367,43.029998779296875,43.029998779296875,3660,,,,,2023-05-25 10:38:00-04:00
70,43.02000045776367,43.09000015258789,43.02000045776367,43.084999084472656,43.084999084472656,2268,,,,,2023-05-25 10:39:00-04:00
71,43.09000015258789,43.119998931884766,43.08000183105469,43.099998474121094,43.099998474121094,2050,,,,,2023-05-25 10:40:00-04:00
72,43.11000061035156,43.130001068115234,43.11000061035156,43.130001068115234,43.130001068115234,3973,,,,,2023-05-25 10:41:00-04:00
73,43.119998931884766,43.150001525878906,43.095001220703125,43.150001525878906,43.150001525878906,3875,,,,,2023-05-25 10:42:00-04:00
74,43.13999938964844,43.150001525878906,43.12099838256836,43.12099838256836,43.12099838256836,1082,,,,,2023-05-25 10:43:00-04:00
75,43.119998931884766,43.150001525878906,43.11000061035156,43.119998931884766,43.119998931884766,3766,,,,,2023-05-25 10:44:00-04:00
76,43.150001525878906,43.150001525878906,43.150001525878906,43.150001525878906,43.150001525878906,3655,,,,,2023-05-25 10:45:00-04:00
77,43.18000030517578,43.18000030517578,43.18000030517578,43.18000030517578,43.18000030517578,446,,,,,2023-05-25 10:46:00-04:00
78,43.16999816894531,43.18000030517578,43.150001525878906,43.150001525878906,43.150001525878906,3587,,,,,2023-05-25 10:47:00-04:00
79,43.13999938964844,43.13999938964844,43.099998474121094,43.099998474121094,43.099998474121094,1740,,,,,2023-05-25 10:48:00-04:00
80,43.08000183105469,43.08000183105469,43.04999923706055,43.08000183105469,43.08000183105469,2457,,,,,2023-05-25 10:49:00-04:00
81,43.09000015258789,43.099998474121094,43.09000015258789,43.099998474121094,43.099998474121094,1533,,,,,2023-05-25 10:50:00-04:00
82,43.11000061035156,43.11000061035156,43.060001373291016,43.06999969482422,43.06999969482422,3434,,,,,2023-05-25 10:51:00-04:00
83,43.06999969482422,43.06999969482422,43.029998779296875,43.060001373291016,43.060001373291016,10921,,,,,2023-05-25 10:52:00-04:00
84,43.09000015258789,43.09000015258789,43.07500076293945,43.08000183105469,43.08000183105469,1468,,,,,2023-05-25 10:53:00-04:00
85,43.08000183105469,43.08000183105469,43.05500030517578,43.06999969482422,43.06999969482422,2321,,,,,2023-05-25 10:54:00-04:00
86,43.06999969482422,43.099998474121094,43.06999969482422,43.084999084472656,43.084999084472656,1373,,,,,2023-05-25 10:55:00-04:00
87,43.08000183105469,43.08000183105469,43.029998779296875,43.029998779296875,43.029998779296875,7588,,,,,2023-05-25 10:56:00-04:00
88,43.01499938964844,43.01499938964844,42.970001220703125,42.970001220703125,42.970001220703125,5570,,,,,2023-05-25 10:57:00-04:00
89,42.97999954223633,42.98500061035156,42.959999084472656,42.97999954223633,42.97999954223633,4145,,,,,2023-05-25 10:58:00-04:00
90,42.970001220703125,43.01089859008789,42.959999084472656,43.01089859008789,43.01089859008789,3962,,,,,2023-05-25 10:59:00-04:00
91,43.02000045776367,43.029998779296875,43.02000045776367,43.029998779296875,43.029998779296875,1019,,,,,2023-05-25 11:00:00-04:00
92,43.029998779296875,43.029998779296875,43.029998779296875,43.029998779296875,43.029998779296875,690,,,,,2023-05-25 11:01:00-04:00
93,43.040000915527344,43.04999923706055,43.040000915527344,43.04999923706055,43.04999923706055,1545,,,,,2023-05-25 11:02:00-04:00
94,43.060001373291016,43.060001373291016,43.029998779296875,43.029998779296875,43.029998779296875,3619,,,,,2023-05-25 11:03:00-04:00
95,43.029998779296875,43.029998779296875,43.02000045776367,43.029998779296875,43.029998779296875,1471,,,,,2023-05-25 11:04:00-04:00
96,43.060001373291016,43.064998626708984,43.060001373291016,43.064998626708984,43.064998626708984,666,,,,,2023-05-25 11:05:00-04:00
97,43.04999923706055,43.060001373291016,43.04999923706055,43.04999923706055,43.04999923706055,1368,,,,,2023-05-25 11:06:00-04:00
98,43.060001373291016,43.060001373291016,43.04999923706055,43.04999923706055,43.04999923706055,391,,,,,2023-05-25 11:07:00-04:00
99,43.04999923706055,43.04999923706055,43.03499984741211,43.040000915527344,43.040000915527344,5457,,,,,2023-05-25 11:08:00-04:00
100,43.04999923706055,43.06999969482422,43.04999923706055,43.060001373291016,43.060001373291016,1584,,,,,2023-05-25 11:09:00-04:00
101,43.08000183105469,43.09000015258789,43.08000183105469,43.09000015258789,43.09000015258789,883,,,,,2023-05-25 11:10:00-04:00
102,43.099998474121094,43.099998474121094,43.084999084472656,43.084999084472656,43.084999084472656,2283,,,,,2023-05-25 11:11:00-04:00
103,43.09000015258789,43.11000061035156,43.060001373291016,43.08000183105469,43.08000183105469,2057,,,,,2023-05-25 11:12:00-04:00
104,43.06999969482422,43.08000183105469,43.06999969482422,43.08000183105469,43.08000183105469,2282,,,,,2023-05-25 11:13:00-04:00
105,43.08000183105469,43.099998474121094,43.08000183105469,43.099998474121094,43.099998474121094,1890,,,,,2023-05-25 11:14:00-04:00
106,43.099998474121094,43.099998474121094,43.095001220703125,43.095001220703125,43.095001220703125,1748,,,,,2023-05-25 11:15:00-04:00
107,43.09000015258789,43.09000015258789,43.0099983215332,43.02000045776367,43.02000045776367,8099,,,,,2023-05-25 11:16:00-04:00
108,43.029998779296875,43.029998779296875,42.970001220703125,42.9900016784668,42.9900016784668,14187,,,,,2023-05-25 11:17:00-04:00
109,43.0,43.005001068115234,42.9900016784668,42.9900016784668,42.9900016784668,4500,,,,,2023-05-25 11:18:00-04:00
110,42.9900016784668,43.0099983215332,42.97999954223633,43.0,43.0,3448,,,,,2023-05-25 11:19:00-04:00
111,43.0099983215332,43.029998779296875,43.0099983215332,43.029998779296875,43.029998779296875,834,,,,,2023-05-25 11:20:00-04:00
112,43.029998779296875,43.029998779296875,42.9900016784668,43.0099983215332,43.0099983215332,3443,,,,,2023-05-25 11:21:00-04:00
113,43.02000045776367,43.020198822021484,43.02000045776367,43.020198822021484,43.020198822021484,1194,,,,,2023-05-25 11:22:00-04:00
114,43.0099983215332,43.02000045776367,43.0099983215332,43.02000045776367,43.02000045776367,483,,,,,2023-05-25 11:23:00-04:00
115,43.029998779296875,43.029998779296875,43.0099983215332,43.0099983215332,43.0099983215332,3203,,,,,2023-05-25 11:24:00-04:00
116,43.0,43.0099983215332,42.9900016784668,43.0,43.0,3014,,,,,2023-05-25 11:26:00-04:00
117,42.9900016784668,42.9900016784668,42.974998474121094,42.974998474121094,42.974998474121094,2062,,,,,2023-05-25 11:27:00-04:00
118,42.970001220703125,42.97999954223633,42.970001220703125,42.97999954223633,42.97999954223633,2492,,,,,2023-05-25 11:28:00-04:00
119,42.98500061035156,42.9900016784668,42.97999954223633,42.97999954223633,42.97999954223633,1440,,,,,2023-05-25 11:29:00-04:00
120,42.970001220703125,42.98500061035156,42.970001220703125,42.98500061035156,42.98500061035156,3424,,,,,2023-05-25 11:30:00-04:00
121,42.97999954223633,42.97999954223633,42.95000076293945,42.95000076293945,42.95000076293945,1969,,,,,2023-05-25 11:31:00-04:00
122,42.959999084472656,42.959999084472656,42.94499969482422,42.94499969482422,42.94499969482422,1914,,,,,2023-05-25 11:32:00-04:00
123,42.95000076293945,42.95000076293945,42.95000076293945,42.95000076293945,42.95000076293945,103,,,,,2023-05-25 11:33:00-04:00
124,42.939998626708984,42.939998626708984,42.91999816894531,42.93000030517578,42.93000030517578,11343,,,,,2023-05-25 11:34:00-04:00
125,42.93000030517578,42.93000030517578,42.93000030517578,42.93000030517578,42.93000030517578,539,,,,,2023-05-25 11:35:00-04:00
126,42.93000030517578,42.94499969482422,42.93000030517578,42.94499969482422,42.94499969482422,1777,,,,,2023-05-25 11:36:00-04:00
127,42.959999084472656,42.959999084472656,42.95500183105469,42.959999084472656,42.959999084472656,2149,,,,,2023-05-25 11:37:00-04:00
128,42.959999084472656,42.96500015258789,42.959999084472656,42.96500015258789,42.96500015258789,837,,,,,2023-05-25 11:38:00-04:00
129,42.970001220703125,42.98500061035156,42.970001220703125,42.98500061035156,42.98500061035156,2801,,,,,2023-05-25 11:39:00-04:00
130,42.974998474121094,42.974998474121094,42.939998626708984,42.959999084472656,42.959999084472656,5674,,,,,2023-05-25 11:40:00-04:00
131,42.959999084472656,43.02000045776367,42.959999084472656,43.02000045776367,43.02000045776367,3768,,,,,2023-05-25 11:41:00-04:00
132,43.029998779296875,43.04999923706055,43.029998779296875,43.04999923706055,43.04999923706055,1338,,,,,2023-05-25 11:42:00-04:00
133,43.040000915527344,43.040000915527344,43.0099983215332,43.02000045776367,43.02000045776367,2775,,,,,2023-05-25 11:43:00-04:00
134,43.025001525878906,43.025001525878906,42.98500061035156,43.01499938964844,43.01499938964844,3910,,,,,2023-05-25 11:44:00-04:00
135,43.02000045776367,43.040000915527344,43.02000045776367,43.040000915527344,43.040000915527344,1462,,,,,2023-05-25 11:45:00-04:00
136,43.029998779296875,43.029998779296875,43.014198303222656,43.025001525878906,43.025001525878906,4264,,,,,2023-05-25 11:46:00-04:00
137,43.02000045776367,43.040000915527344,43.02000045776367,43.040000915527344,43.040000915527344,1367,,,,,2023-05-25 11:47:00-04:00
138,43.04999923706055,43.04999923706055,43.025001525878906,43.025001525878906,43.025001525878906,2551,,,,,2023-05-25 11:48:00-04:00
139,43.025001525878906,43.04999923706055,43.02000045776367,43.04499816894531,43.04499816894531,1848,,,,,2023-05-25 11:49:00-04:00
140,43.05500030517578,43.05500030517578,43.025001525878906,43.025001525878906,43.025001525878906,1837,,,,,2023-05-25 11:50:00-04:00
141,43.025001525878906,43.04999923706055,43.025001525878906,43.04999923706055,43.04999923706055,1634,,,,,2023-05-25 11:51:00-04:00
142,43.04999923706055,43.04999923706055,43.040000915527344,43.040000915527344,43.040000915527344,469,,,,,2023-05-25 11:52:00-04:00
143,43.04999923706055,43.095001220703125,43.04499816894531,43.095001220703125,43.095001220703125,5059,,,,,2023-05-25 11:53:00-04:00
144,43.10499954223633,43.10499954223633,43.064998626708984,43.064998626708984,43.064998626708984,4724,,,,,2023-05-25 11:54:00-04:00
145,43.064998626708984,43.08000183105469,43.060001373291016,43.08000183105469,43.08000183105469,1250,,,,,2023-05-25 11:55:00-04:00
146,43.084999084472656,43.084999084472656,43.084999084472656,43.084999084472656,43.084999084472656,199,,,,,2023-05-25 11:56:00-04:00
147,43.084999084472656,43.099998474121094,43.08000183105469,43.099998474121094,43.099998474121094,2157,,,,,2023-05-25 11:57:00-04:00
148,43.09000015258789,43.11000061035156,43.084999084472656,43.11000061035156,43.11000061035156,1804,,,,,2023-05-25 11:58:00-04:00
149,43.1150016784668,43.119998931884766,43.1150016784668,43.119998931884766,43.119998931884766,744,,,,,2023-05-25 11:59:00-04:00
150,43.130001068115234,43.16999816894531,43.130001068115234,43.150001525878906,43.150001525878906,5720,,,,,2023-05-25 12:00:00-04:00
151,43.130001068115234,43.14500045776367,43.119998931884766,43.119998931884766,43.119998931884766,1915,,,,,2023-05-25 12:01:00-04:00
152,43.11000061035156,43.125,43.09000015258789,43.125,43.125,2668,,,,,2023-05-25 12:02:00-04:00
153,43.125,43.125,43.11000061035156,43.11000061035156,43.11000061035156,2015,,,,,2023-05-25 12:03:00-04:00
154,43.119998931884766,43.13999938964844,43.119998931884766,43.13999938964844,43.13999938964844,3326,,,,,2023-05-25 12:04:00-04:00
155,43.125,43.14500045776367,43.125,43.14500045776367,43.14500045776367,1688,,,,,2023-05-25 12:05:00-04:00
156,43.14500045776367,43.150001525878906,43.119998931884766,43.119998931884766,43.119998931884766,3726,,,,,2023-05-25 12:06:00-04:00
157,43.119998931884766,43.13999938964844,43.119998931884766,43.13999938964844,43.13999938964844,1477,,,,,2023-05-25 12:07:00-04:00
158,43.13999938964844,43.14500045776367,43.1349983215332,43.1349983215332,43.1349983215332,2175,,,,,2023-05-25 12:08:00-04:00
159,43.1349983215332,43.1349983215332,43.099998474121094,43.119998931884766,43.119998931884766,3067,,,,,2023-05-25 12:09:00-04:00
160,43.130001068115234,43.15999984741211,43.130001068115234,43.154998779296875,43.154998779296875,3162,,,,,2023-05-25 12:10:00-04:00
161,43.14500045776367,43.14500045776367,43.1349983215332,43.14500045776367,43.14500045776367,1811,,,,,2023-05-25 12:11:00-04:00
162,43.150001525878906,43.185001373291016,43.150001525878906,43.17499923706055,43.17499923706055,2064,,,,,2023-05-25 12:12:00-04:00
163,43.16999816894531,43.18000030517578,43.150001525878906,43.150001525878906,43.150001525878906,12069,,,,,2023-05-25 12:13:00-04:00
164,43.150001525878906,43.150001525878906,43.119998931884766,43.130001068115234,43.130001068115234,2971,,,,,2023-05-25 12:14:00-04:00
165,43.1349983215332,43.154998779296875,43.1349983215332,43.14500045776367,43.14500045776367,4749,,,,,2023-05-25 12:15:00-04:00
166,43.14500045776367,43.14500045776367,43.14500045776367,43.14500045776367,43.14500045776367,3123,,,,,2023-05-25 12:16:00-04:00
167,43.13999938964844,43.13999938964844,43.1150016784668,43.119998931884766,43.119998931884766,2468,,,,,2023-05-25 12:17:00-04:00
168,43.119998931884766,43.130001068115234,43.1150016784668,43.1150016784668,43.1150016784668,1142,,,,,2023-05-25 12:18:00-04:00
169,43.119998931884766,43.14500045776367,43.1150016784668,43.119998931884766,43.119998931884766,3480,,,,,2023-05-25 12:19:00-04:00
170,43.119998931884766,43.125,43.1150016784668,43.1150016784668,43.1150016784668,1502,,,,,2023-05-25 12:20:00-04:00
171,43.11000061035156,43.119998931884766,43.084999084472656,43.084999084472656,43.084999084472656,4192,,,,,2023-05-25 12:21:00-04:00
172,43.07500076293945,43.11000061035156,43.07500076293945,43.08000183105469,43.08000183105469,14464,,,,,2023-05-25 12:22:00-04:00
173,43.04999923706055,43.10499954223633,43.040000915527344,43.099998474121094,43.099998474121094,5191,,,,,2023-05-25 12:23:00-04:00
174,43.10499954223633,43.10499954223633,43.060001373291016,43.060001373291016,43.060001373291016,7342,,,,,2023-05-25 12:24:00-04:00
175,43.060001373291016,43.07500076293945,43.02000045776367,43.02000045776367,43.02000045776367,8976,,,,,2023-05-25 12:25:00-04:00
176,43.025001525878906,43.060001373291016,43.02000045776367,43.040000915527344,43.040000915527344,3047,,,,,2023-05-25 12:26:00-04:00
177,43.04999923706055,43.04999923706055,43.01499938964844,43.01499938964844,43.01499938964844,2572,,,,,2023-05-25 12:27:00-04:00
178,43.02000045776367,43.064998626708984,43.01499938964844,43.064998626708984,43.064998626708984,4893,,,,,2023-05-25 12:28:00-04:00
179,43.07500076293945,43.08000183105469,43.064998626708984,43.06999969482422,43.06999969482422,1049,,,,,2023-05-25 12:29:00-04:00
180,43.06999969482422,43.08000183105469,43.0099983215332,43.02000045776367,43.02000045776367,19734,,,,,2023-05-25 12:30:00-04:00
181,43.029998779296875,43.07500076293945,43.029998779296875,43.060001373291016,43.060001373291016,4498,,,,,2023-05-25 12:31:00-04:00
182,43.06999969482422,43.08000183105469,43.064998626708984,43.08000183105469,43.08000183105469,2797,,,,,2023-05-25 12:32:00-04:00
183,43.06999969482422,43.06999969482422,43.04999923706055,43.05500030517578,43.05500030517578,2956,,,,,2023-05-25 12:33:00-04:00
184,43.05500030517578,43.07500076293945,43.029998779296875,43.029998779296875,43.029998779296875,5424,,,,,2023-05-25 12:34:00-04:00
185,43.029998779296875,43.119998931884766,43.029998779296875,43.084999084472656,43.084999084472656,4717,,,,,2023-05-25 12:35:00-04:00
186,43.084999084472656,43.084999084472656,43.064998626708984,43.064998626708984,43.064998626708984,2616,,,,,2023-05-25 12:36:00-04:00
187,43.064998626708984,43.064998626708984,43.060001373291016,43.060001373291016,43.060001373291016,1954,,,,,2023-05-25 12:37:00-04:00
188,43.060001373291016,43.07500076293945,43.060001373291016,43.060001373291016,43.060001373291016,2204,,,,,2023-05-25 12:38:00-04:00
189,43.040000915527344,43.05500030517578,43.01499938964844,43.04999923706055,43.04999923706055,3523,,,,,2023-05-25 12:39:00-04:00
190,43.04999923706055,43.08000183105469,43.04999923706055,43.08000183105469,43.08000183105469,1860,,,,,2023-05-25 12:40:00-04:00
191,43.07500076293945,43.07500076293945,43.07500076293945,43.07500076293945,43.07500076293945,425,,,,,2023-05-25 12:41:00-04:00
192,43.07659912109375,43.084999084472656,43.06999969482422,43.084999084472656,43.084999084472656,2434,,,,,2023-05-25 12:42:00-04:00
193,43.09749984741211,43.09749984741211,43.090599060058594,43.095001220703125,43.095001220703125,723,,,,,2023-05-25 12:43:00-04:00
194,43.099998474121094,43.099998474121094,43.08000183105469,43.08000183105469,43.08000183105469,3810,,,,,2023-05-25 12:44:00-04:00
195,43.08000183105469,43.095001220703125,43.06999969482422,43.095001220703125,43.095001220703125,2760,,,,,2023-05-25 12:45:00-04:00
196,43.119998931884766,43.130001068115234,43.119998931884766,43.130001068115234,43.130001068115234,608,,,,,2023-05-25 12:46:00-04:00
197,43.119998931884766,43.12120056152344,43.11000061035156,43.119998931884766,43.119998931884766,6820,,,,,2023-05-25 12:47:00-04:00
198,43.11000061035156,43.13999938964844,43.10499954223633,43.130001068115234,43.130001068115234,3893,,,,,2023-05-25 12:48:00-04:00
199,43.13999938964844,43.164100646972656,43.13999938964844,43.13999938964844,43.13999938964844,1241,,,,,2023-05-25 12:49:00-04:00
200,43.13999938964844,43.13999938964844,43.125,43.13999938964844,43.13999938964844,4954,,,,,2023-05-25 12:50:00-04:00
201,43.14500045776367,43.150001525878906,43.1349983215332,43.1349983215332,43.1349983215332,2129,,,,,2023-05-25 12:51:00-04:00
202,43.1349983215332,43.165000915527344,43.1349983215332,43.165000915527344,43.165000915527344,2788,,,,,2023-05-25 12:52:00-04:00
203,43.16120147705078,43.16999816894531,43.154998779296875,43.154998779296875,43.154998779296875,3521,,,,,2023-05-25 12:53:00-04:00
204,43.154998779296875,43.16999816894531,43.14500045776367,43.14500045776367,43.14500045776367,4851,,,,,2023-05-25 12:54:00-04:00
205,43.14500045776367,43.154998779296875,43.14500045776367,43.14500045776367,43.14500045776367,1194,,,,,2023-05-25 12:55:00-04:00
206,43.14500045776367,43.18000030517578,43.14500045776367,43.17499923706055,43.17499923706055,2638,,,,,2023-05-25 12:56:00-04:00
207,43.16999816894531,43.185001373291016,43.16999816894531,43.185001373291016,43.185001373291016,2283,,,,,2023-05-25 12:57:00-04:00
208,43.185001373291016,43.185001373291016,43.185001373291016,43.185001373291016,43.185001373291016,154,,,,,2023-05-25 12:58:00-04:00
209,43.18000030517578,43.185001373291016,43.130001068115234,43.14500045776367,43.14500045776367,8473,,,,,2023-05-25 12:59:00-04:00
210,43.14500045776367,43.154998779296875,43.14500045776367,43.14500045776367,43.14500045776367,2209,,,,,2023-05-25 13:00:00-04:00
211,43.1265983581543,43.150001525878906,43.125,43.150001525878906,43.150001525878906,16565,,,,,2023-05-25 13:02:00-04:00
212,43.150001525878906,43.18000030517578,43.14500045776367,43.165000915527344,43.165000915527344,3364,,,,,2023-05-25 13:03:00-04:00
213,43.18000030517578,43.18000030517578,43.165000915527344,43.165000915527344,43.165000915527344,1013,,,,,2023-05-25 13:04:00-04:00
214,43.165000915527344,43.165000915527344,43.1349983215332,43.13999938964844,43.13999938964844,3829,,,,,2023-05-25 13:05:00-04:00
215,43.125,43.13999938964844,43.11000061035156,43.11600112915039,43.11600112915039,2458,,,,,2023-05-25 13:06:00-04:00
216,43.119998931884766,43.130001068115234,43.1150016784668,43.130001068115234,43.130001068115234,1973,,,,,2023-05-25 13:07:00-04:00
217,43.130001068115234,43.13999938964844,43.119998931884766,43.13999938964844,43.13999938964844,4105,,,,,2023-05-25 13:08:00-04:00
218,43.150001525878906,43.16999816894531,43.1349983215332,43.1349983215332,43.1349983215332,3116,,,,,2023-05-25 13:09:00-04:00
219,43.13999938964844,43.18000030517578,43.13999938964844,43.165000915527344,43.165000915527344,2653,,,,,2023-05-25 13:10:00-04:00
220,43.17499923706055,43.185001373291016,43.16999816894531,43.16999816894531,43.16999816894531,1679,,,,,2023-05-25 13:11:00-04:00
221,43.16999816894531,43.16999816894531,43.16999816894531,43.16999816894531,43.16999816894531,1100,,,,,2023-05-25 13:12:00-04:00
222,43.18000030517578,43.18000030517578,43.17499923706055,43.18000030517578,43.18000030517578,2282,,,,,2023-05-25 13:13:00-04:00
223,43.16999816894531,43.16999816894531,43.165000915527344,43.165000915527344,43.165000915527344,2370,,,,,2023-05-25 13:14:00-04:00
224,43.18000030517578,43.20000076293945,43.17499923706055,43.189998626708984,43.189998626708984,4102,,,,,2023-05-25 13:15:00-04:00
225,43.189998626708984,43.21500015258789,43.189998626708984,43.21500015258789,43.21500015258789,5295,,,,,2023-05-25 13:16:00-04:00
226,43.220001220703125,43.224998474121094,43.20000076293945,43.209999084472656,43.209999084472656,3841,,,,,2023-05-25 13:17:00-04:00
227,43.21500015258789,43.224998474121094,43.21500015258789,43.224998474121094,43.224998474121094,1229,,,,,2023-05-25 13:18:00-04:00
228,43.224998474121094,43.2400016784668,43.224998474121094,43.23500061035156,43.23500061035156,502,,,,,2023-05-25 13:19:00-04:00
229,43.23500061035156,43.255001068115234,43.224998474121094,43.25,43.25,50370,,,,,2023-05-25 13:20:00-04:00
230,43.25,43.275001525878906,43.21500015258789,43.275001525878906,43.275001525878906,6006,,,,,2023-05-25 13:21:00-04:00
231,43.28499984741211,43.28499984741211,43.28499984741211,43.28499984741211,43.28499984741211,276,,,,,2023-05-25 13:22:00-04:00
232,43.28929901123047,43.29999923706055,43.279998779296875,43.29999923706055,43.29999923706055,3173,,,,,2023-05-25 13:23:00-04:00
233,43.310001373291016,43.33000183105469,43.29999923706055,43.30500030517578,43.30500030517578,2260,,,,,2023-05-25 13:24:00-04:00
234,43.30500030517578,43.314998626708984,43.30500030517578,43.30500030517578,43.30500030517578,4684,,,,,2023-05-25 13:25:00-04:00
235,43.310001373291016,43.36000061035156,43.310001373291016,43.36000061035156,43.36000061035156,2651,,,,,2023-05-25 13:26:00-04:00
236,43.369998931884766,43.3849983215332,43.3650016784668,43.375,43.375,5408,,,,,2023-05-25 13:27:00-04:00
237,43.3849983215332,43.3849983215332,43.3849983215332,43.3849983215332,43.3849983215332,700,,,,,2023-05-25 13:28:00-04:00
238,43.3849983215332,43.3849983215332,43.36000061035156,43.3650016784668,43.3650016784668,4459,,,,,2023-05-25 13:29:00-04:00
239,43.3650016784668,43.375,43.36000061035156,43.36000061035156,43.36000061035156,2922,,,,,2023-05-25 13:30:00-04:00
240,43.35499954223633,43.36000061035156,43.35499954223633,43.36000061035156,43.36000061035156,1255,,,,,2023-05-25 13:31:00-04:00
241,43.36000061035156,43.38750076293945,43.349998474121094,43.38750076293945,43.38750076293945,3056,,,,,2023-05-25 13:32:00-04:00
242,43.38999938964844,43.400001525878906,43.36000061035156,43.369998931884766,43.369998931884766,6184,,,,,2023-05-25 13:33:00-04:00
243,43.3650016784668,43.38990020751953,43.36000061035156,43.38840103149414,43.38840103149414,6872,,,,,2023-05-25 13:34:00-04:00
244,43.38990020751953,43.404998779296875,43.33000183105469,43.33000183105469,43.33000183105469,7083,,,,,2023-05-25 13:35:00-04:00
245,43.31999969482422,43.35309982299805,43.309898376464844,43.349998474121094,43.349998474121094,4556,,,,,2023-05-25 13:36:00-04:00
246,43.349998474121094,43.349998474121094,43.349998474121094,43.349998474121094,43.349998474121094,252,,,,,2023-05-25 13:37:00-04:00
247,43.34000015258789,43.34000015258789,43.334999084472656,43.334999084472656,43.334999084472656,2265,,,,,2023-05-25 13:38:00-04:00
248,43.334999084472656,43.38999938964844,43.334999084472656,43.38999938964844,43.38999938964844,5322,,,,,2023-05-25 13:39:00-04:00
249,43.380001068115234,43.39500045776367,43.375,43.39500045776367,43.39500045776367,6474,,,,,2023-05-25 13:40:00-04:00
250,43.3849983215332,43.3849983215332,43.380001068115234,43.3849983215332,43.3849983215332,2243,,,,,2023-05-25 13:41:00-04:00
251,43.3849983215332,43.38999938964844,43.3849983215332,43.3849983215332,43.3849983215332,1013,,,,,2023-05-25 13:42:00-04:00
252,43.38999938964844,43.39500045776367,43.380001068115234,43.39500045776367,43.39500045776367,2415,,,,,2023-05-25 13:43:00-04:00
253,43.38999938964844,43.39500045776367,43.380001068115234,43.3849983215332,43.3849983215332,2716,,,,,2023-05-25 13:44:00-04:00
254,43.3849983215332,43.39500045776367,43.380001068115234,43.380001068115234,43.380001068115234,1749,,,,,2023-05-25 13:45:00-04:00
255,43.38990020751953,43.38999938964844,43.375,43.38999938964844,43.38999938964844,7459,,,,,2023-05-25 13:46:00-04:00
256,43.400001525878906,43.419898986816406,43.3849983215332,43.415000915527344,43.415000915527344,4574,,,,,2023-05-25 13:47:00-04:00
257,43.41999816894531,43.459999084472656,43.41999816894531,43.44839859008789,43.44839859008789,5100,,,,,2023-05-25 13:48:00-04:00
258,43.439998626708984,43.439998626708984,43.41999816894531,43.41999816894531,43.41999816894531,2889,,,,,2023-05-25 13:49:00-04:00
259,43.41999816894531,43.41999816894531,43.3849983215332,43.400001525878906,43.400001525878906,3900,,,,,2023-05-25 13:50:00-04:00
260,43.398399353027344,43.398399353027344,43.380001068115234,43.380001068115234,43.380001068115234,6860,,,,,2023-05-25 13:51:00-04:00
261,43.38999938964844,43.400001525878906,43.382999420166016,43.38999938964844,43.38999938964844,748,,,,,2023-05-25 13:52:00-04:00
262,43.380001068115234,43.38999938964844,43.380001068115234,43.380001068115234,43.380001068115234,3666,,,,,2023-05-25 13:53:00-04:00
263,43.36000061035156,43.375,43.33000183105469,43.334999084472656,43.334999084472656,12463,,,,,2023-05-25 13:54:00-04:00
264,43.349998474121094,43.349998474121094,43.345001220703125,43.345001220703125,43.345001220703125,811,,,,,2023-05-25 13:55:00-04:00
265,43.34000015258789,43.36000061035156,43.33000183105469,43.34000015258789,43.34000015258789,3734,,,,,2023-05-25 13:56:00-04:00
266,43.36000061035156,43.36000061035156,43.33000183105469,43.33000183105469,43.33000183105469,1624,,,,,2023-05-25 13:57:00-04:00
267,43.33000183105469,43.369998931884766,43.33000183105469,43.369998931884766,43.369998931884766,2110,,,,,2023-05-25 13:58:00-04:00
268,43.369998931884766,43.380001068115234,43.36000061035156,43.369998931884766,43.369998931884766,1308,,,,,2023-05-25 13:59:00-04:00
269,43.380001068115234,43.529998779296875,43.380001068115234,43.4900016784668,43.4900016784668,8798,,,,,2023-05-25 14:00:00-04:00
270,43.5,43.540000915527344,43.5,43.52980041503906,43.52980041503906,4900,,,,,2023-05-25 14:01:00-04:00
271,43.51499938964844,43.519901275634766,43.47999954223633,43.4900016784668,43.4900016784668,2795,,,,,2023-05-25 14:02:00-04:00
272,43.47999954223633,43.47999954223633,43.42499923706055,43.439998626708984,43.439998626708984,2212,,,,,2023-05-25 14:03:00-04:00
273,43.439998626708984,43.459999084472656,43.439998626708984,43.459999084472656,43.459999084472656,2773,,,,,2023-05-25 14:04:00-04:00
274,43.470001220703125,43.470001220703125,43.41999816894531,43.45000076293945,43.45000076293945,2927,,,,,2023-05-25 14:05:00-04:00
275,43.45000076293945,43.45000076293945,43.40999984741211,43.40999984741211,43.40999984741211,2983,,,,,2023-05-25 14:06:00-04:00
276,43.400001525878906,43.404998779296875,43.400001525878906,43.400001525878906,43.400001525878906,988,,,,,2023-05-25 14:07:00-04:00
277,43.400001525878906,43.400001525878906,43.400001525878906,43.400001525878906,43.400001525878906,2018,,,,,2023-05-25 14:08:00-04:00
278,43.369998931884766,43.369998931884766,43.369998931884766,43.369998931884766,43.369998931884766,1067,,,,,2023-05-25 14:09:00-04:00
279,43.3849983215332,43.38999938964844,43.380001068115234,43.38999938964844,43.38999938964844,1824,,,,,2023-05-25 14:10:00-04:00
280,43.400001525878906,43.400001525878906,43.369998931884766,43.369998931884766,43.369998931884766,1611,,,,,2023-05-25 14:11:00-04:00
281,43.369998931884766,43.375,43.35499954223633,43.369998931884766,43.369998931884766,2151,,,,,2023-05-25 14:12:00-04:00
282,43.369998931884766,43.369998931884766,43.349998474121094,43.349998474121094,43.349998474121094,2138,,,,,2023-05-25 14:13:00-04:00
283,43.35960006713867,43.404998779296875,43.35639953613281,43.404998779296875,43.404998779296875,10128,,,,,2023-05-25 14:14:00-04:00
284,43.400001525878906,43.41999816894531,43.400001525878906,43.41999816894531,43.41999816894531,1842,,,,,2023-05-25 14:15:00-04:00
285,43.45000076293945,43.45000076293945,43.44499969482422,43.45000076293945,43.45000076293945,1323,,,,,2023-05-25 14:16:00-04:00
286,43.45000076293945,43.45000076293945,43.44499969482422,43.44499969482422,43.44499969482422,1363,,,,,2023-05-25 14:17:00-04:00
287,43.459999084472656,43.470001220703125,43.459999084472656,43.459999084472656,43.459999084472656,1181,,,,,2023-05-25 14:18:00-04:00
288,43.459999084472656,43.459999084472656,43.42499923706055,43.42499923706055,43.42499923706055,4227,,,,,2023-05-25 14:19:00-04:00
289,43.425899505615234,43.425899505615234,43.404998779296875,43.404998779296875,43.404998779296875,4690,,,,,2023-05-25 14:20:00-04:00
290,43.400001525878906,43.439998626708984,43.400001525878906,43.439998626708984,43.439998626708984,19302,,,,,2023-05-25 14:21:00-04:00
291,43.435001373291016,43.45000076293945,43.435001373291016,43.44499969482422,43.44499969482422,1336,,,,,2023-05-25 14:22:00-04:00
292,43.45000076293945,43.45000076293945,43.439998626708984,43.439998626708984,43.439998626708984,5334,,,,,2023-05-25 14:23:00-04:00
293,43.439998626708984,43.45000076293945,43.415000915527344,43.45000076293945,43.45000076293945,5379,,,,,2023-05-25 14:24:00-04:00
294,43.45000076293945,43.45500183105469,43.435001373291016,43.435001373291016,43.435001373291016,1537,,,,,2023-05-25 14:25:00-04:00
295,43.45000076293945,43.47999954223633,43.439998626708984,43.47999954223633,43.47999954223633,3013,,,,,2023-05-25 14:26:00-04:00
296,43.47999954223633,43.4900016784668,43.47999954223633,43.48500061035156,43.48500061035156,2327,,,,,2023-05-25 14:27:00-04:00
297,43.48500061035156,43.48500061035156,43.470001220703125,43.470001220703125,43.470001220703125,2603,,,,,2023-05-25 14:28:00-04:00
298,43.470001220703125,43.474998474121094,43.43000030517578,43.43000030517578,43.43000030517578,3097,,,,,2023-05-25 14:29:00-04:00
299,43.42499923706055,43.42499923706055,43.42499923706055,43.42499923706055,43.42499923706055,443,,,,,2023-05-25 14:30:00-04:00
300,43.43000030517578,43.43000030517578,43.400001525878906,43.42499923706055,43.42499923706055,8587,,,,,2023-05-25 14:31:00-04:00
301,43.40999984741211,43.415000915527344,43.375,43.39500045776367,43.39500045776367,2821,,,,,2023-05-25 14:32:00-04:00
302,43.39500045776367,43.39500045776367,43.31999969482422,43.31999969482422,43.31999969482422,3612,,,,,2023-05-25 14:33:00-04:00
303,43.32500076293945,43.345001220703125,43.31999969482422,43.34000015258789,43.34000015258789,3894,,,,,2023-05-25 14:34:00-04:00
304,43.33000183105469,43.33000183105469,43.29750061035156,43.310001373291016,43.310001373291016,3444,,,,,2023-05-25 14:35:00-04:00
305,43.310001373291016,43.314998626708984,43.290000915527344,43.314998626708984,43.314998626708984,4607,,,,,2023-05-25 14:36:00-04:00
306,43.31999969482422,43.31999969482422,43.29999923706055,43.314998626708984,43.314998626708984,1237,,,,,2023-05-25 14:37:00-04:00
307,43.314998626708984,43.314998626708984,43.314998626708984,43.314998626708984,43.314998626708984,630,,,,,2023-05-25 14:38:00-04:00
308,43.29999923706055,43.310001373291016,43.29499816894531,43.310001373291016,43.310001373291016,2127,,,,,2023-05-25 14:39:00-04:00
309,43.314998626708984,43.31999969482422,43.29999923706055,43.29999923706055,43.29999923706055,3946,,,,,2023-05-25 14:40:00-04:00
310,43.29999923706055,43.29999923706055,43.290000915527344,43.29990005493164,43.29990005493164,2792,,,,,2023-05-25 14:41:00-04:00
311,43.290000915527344,43.32500076293945,43.290000915527344,43.290000915527344,43.290000915527344,24023,,,,,2023-05-25 14:42:00-04:00
312,43.29999923706055,43.349998474121094,43.290000915527344,43.349998474121094,43.349998474121094,24305,,,,,2023-05-25 14:43:00-04:00
313,43.349998474121094,43.349998474121094,43.31999969482422,43.31999969482422,43.31999969482422,6881,,,,,2023-05-25 14:44:00-04:00
314,43.31999969482422,43.349998474121094,43.31999969482422,43.349998474121094,43.349998474121094,1412,,,,,2023-05-25 14:45:00-04:00
315,43.349998474121094,43.349998474121094,43.349998474121094,43.349998474121094,43.349998474121094,781,,,,,2023-05-25 14:46:00-04:00
316,43.349998474121094,43.36000061035156,43.34000015258789,43.36000061035156,43.36000061035156,4447,,,,,2023-05-25 14:47:00-04:00
317,43.349998474121094,43.400001525878906,43.349998474121094,43.400001525878906,43.400001525878906,4346,,,,,2023-05-25 14:48:00-04:00
318,43.404998779296875,43.40999984741211,43.34000015258789,43.35329818725586,43.35329818725586,20438,,,,,2023-05-25 14:49:00-04:00
319,43.36000061035156,43.39500045776367,43.359901428222656,43.3849983215332,43.3849983215332,7194,,,,,2023-05-25 14:50:00-04:00
320,43.380001068115234,43.39500045776367,43.380001068115234,43.3849983215332,43.3849983215332,3505,,,,,2023-05-25 14:51:00-04:00
321,43.38999938964844,43.404998779296875,43.38999938964844,43.39500045776367,43.39500045776367,2811,,,,,2023-05-25 14:52:00-04:00
322,43.38999938964844,43.400001525878906,43.38999938964844,43.39500045776367,43.39500045776367,2552,,,,,2023-05-25 14:53:00-04:00
323,43.39500045776367,43.400001525878906,43.38999938964844,43.38999938964844,43.38999938964844,3247,,,,,2023-05-25 14:54:00-04:00
324,43.380001068115234,43.400001525878906,43.369998931884766,43.369998931884766,43.369998931884766,4502,,,,,2023-05-25 14:55:00-04:00
325,43.375,43.380001068115234,43.369998931884766,43.369998931884766,43.369998931884766,1683,,,,,2023-05-25 14:56:00-04:00
326,43.375,43.404998779296875,43.375,43.39500045776367,43.39500045776367,9360,,,,,2023-05-25 14:57:00-04:00
327,43.404998779296875,43.407501220703125,43.404998779296875,43.404998779296875,43.404998779296875,535,,,,,2023-05-25 14:58:00-04:00
328,43.40999984741211,43.435001373291016,43.40999984741211,43.435001373291016,43.435001373291016,3789,,,,,2023-05-25 14:59:00-04:00
329,43.435001373291016,43.45500183105469,43.42499923706055,43.42499923706055,43.42499923706055,8944,,,,,2023-05-25 15:00:00-04:00
330,43.42499923706055,43.459999084472656,43.42499923706055,43.45500183105469,43.45500183105469,4173,,,,,2023-05-25 15:01:00-04:00
331,43.45000076293945,43.45000076293945,43.435001373291016,43.44499969482422,43.44499969482422,5410,,,,,2023-05-25 15:02:00-04:00
332,43.439998626708984,43.439998626708984,43.41999816894531,43.43000030517578,43.43000030517578,3101,,,,,2023-05-25 15:03:00-04:00
333,43.44499969482422,43.46500015258789,43.44499969482422,43.45500183105469,43.45500183105469,4448,,,,,2023-05-25 15:04:00-04:00
334,43.45500183105469,43.45500183105469,43.439998626708984,43.439998626708984,43.439998626708984,4418,,,,,2023-05-25 15:05:00-04:00
335,43.439998626708984,43.44499969482422,43.439998626708984,43.44499969482422,43.44499969482422,1814,,,,,2023-05-25 15:06:00-04:00
336,43.44499969482422,43.45500183105469,43.44499969482422,43.45500183105469,43.45500183105469,2830,,,,,2023-05-25 15:07:00-04:00
337,43.459999084472656,43.459999084472656,43.45500183105469,43.45500183105469,43.45500183105469,2678,,,,,2023-05-25 15:08:00-04:00
338,43.45500183105469,43.4900016784668,43.45500183105469,43.48500061035156,43.48500061035156,5734,,,,,2023-05-25 15:09:00-04:00
339,43.48500061035156,43.5,43.48500061035156,43.494998931884766,43.494998931884766,4702,,,,,2023-05-25 15:10:00-04:00
340,43.494998931884766,43.53499984741211,43.494998931884766,43.529998779296875,43.529998779296875,8195,,,,,2023-05-25 15:11:00-04:00
341,43.52000045776367,43.525001525878906,43.5,43.505001068115234,43.505001068115234,4492,,,,,2023-05-25 15:12:00-04:00
342,43.50669860839844,43.51499938964844,43.5,43.505001068115234,43.505001068115234,6868,,,,,2023-05-25 15:13:00-04:00
343,43.505001068115234,43.525001525878906,43.505001068115234,43.5099983215332,43.5099983215332,5492,,,,,2023-05-25 15:14:00-04:00
344,43.5099983215332,43.5099983215332,43.439998626708984,43.44499969482422,43.44499969482422,6915,,,,,2023-05-25 15:15:00-04:00
345,43.45000076293945,43.45000076293945,43.435001373291016,43.435001373291016,43.435001373291016,1675,,,,,2023-05-25 15:16:00-04:00
346,43.439998626708984,43.459999084472656,43.435001373291016,43.44499969482422,43.44499969482422,3649,,,,,2023-05-25 15:17:00-04:00
347,43.44499969482422,43.44499969482422,43.44499969482422,43.44499969482422,43.44499969482422,1053,,,,,2023-05-25 15:18:00-04:00
348,43.439998626708984,43.439998626708984,43.40999984741211,43.40999984741211,43.40999984741211,5826,,,,,2023-05-25 15:19:00-04:00
349,43.40999984741211,43.415000915527344,43.400001525878906,43.415000915527344,43.415000915527344,4807,,,,,2023-05-25 15:20:00-04:00
350,43.415000915527344,43.44499969482422,43.415000915527344,43.42499923706055,43.42499923706055,6137,,,,,2023-05-25 15:21:00-04:00
351,43.41999816894531,43.42499923706055,43.404998779296875,43.42499923706055,43.42499923706055,4919,,,,,2023-05-25 15:22:00-04:00
352,43.42499923706055,43.439998626708984,43.41999816894531,43.42499923706055,43.42499923706055,6348,,,,,2023-05-25 15:23:00-04:00
353,43.41999816894531,43.41999816894531,43.38999938964844,43.415000915527344,43.415000915527344,5896,,,,,2023-05-25 15:24:00-04:00
354,43.40999984741211,43.41999816894531,43.380001068115234,43.380001068115234,43.380001068115234,15310,,,,,2023-05-25 15:25:00-04:00
355,43.375,43.40999984741211,43.375,43.40999984741211,43.40999984741211,5184,,,,,2023-05-25 15:26:00-04:00
356,43.41999816894531,43.435001373291016,43.41999816894531,43.42499923706055,43.42499923706055,4161,,,,,2023-05-25 15:27:00-04:00
357,43.42499923706055,43.470001220703125,43.42499923706055,43.439998626708984,43.439998626708984,5490,,,,,2023-05-25 15:28:00-04:00
358,43.44499969482422,43.44499969482422,43.415000915527344,43.41999816894531,43.41999816894531,4783,,,,,2023-05-25 15:29:00-04:00
359,43.41999816894531,43.42499923706055,43.400001525878906,43.415000915527344,43.415000915527344,6571,,,,,2023-05-25 15:30:00-04:00
360,43.41999816894531,43.42499923706055,43.415000915527344,43.42499923706055,43.42499923706055,3327,,,,,2023-05-25 15:31:00-04:00
361,43.42499923706055,43.435001373291016,43.404998779296875,43.404998779296875,43.404998779296875,11874,,,,,2023-05-25 15:32:00-04:00
362,43.400001525878906,43.404998779296875,43.34000015258789,43.3650016784668,43.3650016784668,12982,,,,,2023-05-25 15:33:00-04:00
363,43.36000061035156,43.380001068115234,43.35499954223633,43.380001068115234,43.380001068115234,5608,,,,,2023-05-25 15:34:00-04:00
364,43.375,43.380001068115234,43.349998474121094,43.3650016784668,43.3650016784668,7017,,,,,2023-05-25 15:35:00-04:00
365,43.369998931884766,43.380001068115234,43.36000061035156,43.36000061035156,43.36000061035156,6100,,,,,2023-05-25 15:36:00-04:00
366,43.36000061035156,43.369998931884766,43.36000061035156,43.3650016784668,43.3650016784668,1924,,,,,2023-05-25 15:37:00-04:00
367,43.3650016784668,43.3650016784668,43.349998474121094,43.35499954223633,43.35499954223633,3952,,,,,2023-05-25 15:38:00-04:00
368,43.35499954223633,43.3650016784668,43.314998626708984,43.33000183105469,43.33000183105469,14938,,,,,2023-05-25 15:39:00-04:00
369,43.33000183105469,43.33000183105469,43.30500030517578,43.310001373291016,43.310001373291016,7204,,,,,2023-05-25 15:40:00-04:00
370,43.310001373291016,43.31999969482422,43.301998138427734,43.30929946899414,43.30929946899414,10816,,,,,2023-05-25 15:41:00-04:00
371,43.30500030517578,43.3390998840332,43.30500030517578,43.310001373291016,43.310001373291016,36941,,,,,2023-05-25 15:42:00-04:00
372,43.310001373291016,43.32500076293945,43.29999923706055,43.310001373291016,43.310001373291016,14624,,,,,2023-05-25 15:43:00-04:00
373,43.310001373291016,43.349998474121094,43.310001373291016,43.310001373291016,43.310001373291016,12634,,,,,2023-05-25 15:44:00-04:00
374,43.314998626708984,43.349998474121094,43.314998626708984,43.32500076293945,43.32500076293945,13822,,,,,2023-05-25 15:45:00-04:00
375,43.31999969482422,43.345001220703125,43.310001373291016,43.345001220703125,43.345001220703125,4506,,,,,2023-05-25 15:46:00-04:00
376,43.349998474121094,43.380001068115234,43.34000015258789,43.369998931884766,43.369998931884766,5144,,,,,2023-05-25 15:47:00-04:00
377,43.375,43.380001068115234,43.33000183105469,43.334999084472656,43.334999084472656,10356,,,,,2023-05-25 15:48:00-04:00
378,43.334999084472656,43.334999084472656,43.29999923706055,43.29999923706055,43.29999923706055,5265,,,,,2023-05-25 15:49:00-04:00
379,43.29999923706055,43.310001373291016,43.244998931884766,43.290000915527344,43.290000915527344,21930,,,,,2023-05-25 15:50:00-04:00
380,43.279998779296875,43.290000915527344,43.2400016784668,43.25,43.25,17210,,,,,2023-05-25 15:51:00-04:00
381,43.244998931884766,43.255001068115234,43.224998474121094,43.23500061035156,43.23500061035156,15660,,,,,2023-05-25 15:52:00-04:00
382,43.2400016784668,43.26499938964844,43.220001220703125,43.224998474121094,43.224998474121094,20354,,,,,2023-05-25 15:53:00-04:00
383,43.224998474121094,43.2599983215332,43.220001220703125,43.2599983215332,43.2599983215332,45189,,,,,2023-05-25 15:54:00-04:00
384,43.2599983215332,43.275001525878906,43.22999954223633,43.2400016784668,43.2400016784668,26837,,,,,2023-05-25 15:55:00-04:00
385,43.244998931884766,43.255001068115234,43.20000076293945,43.20500183105469,43.20500183105469,40235,,,,,2023-05-25 15:56:00-04:00
386,43.20500183105469,43.2400016784668,43.20500183105469,43.21500015258789,43.21500015258789,36840,,,,,2023-05-25 15:57:00-04:00
387,43.209999084472656,43.25,43.209999084472656,43.244998931884766,43.244998931884766,23208,,,,,2023-05-25 15:58:00-04:00
388,43.244998931884766,43.275001525878906,43.23500061035156,43.2599983215332,43.2599983215332,57075,,,,,2023-05-25 15:59:00-04:00
