Date,Open,High,Low,Close,Adj Close,Volume,Date.1,Date.2,Date.3,Date.4,Date.5,Date.6,Date.7,Date
0,27.700000762939453,27.700000762939453,27.57999992370605,27.600000381469727,27.600000381469727,0,2023-05-24 09:00:00+02:00,,,,,,,
1,27.15999984741211,27.15999984741211,27.100000381469727,27.100000381469727,27.100000381469727,0,,,,,,,,2023-05-30 09:00:00+02:00
2,27.079999923706055,27.079999923706055,27.06999969482422,27.06999969482422,27.06999969482422,1247,,,,,,,,2023-05-30 09:01:00+02:00
3,27.09000015258789,27.09000015258789,27.079999923706055,27.079999923706055,27.079999923706055,290,,,,,,,,2023-05-30 09:02:00+02:00
4,27.079999923706055,27.100000381469727,27.079999923706055,27.079999923706055,27.079999923706055,578,,,,,,,,2023-05-30 09:03:00+02:00
5,27.09000015258789,27.110000610351562,27.09000015258789,27.100000381469727,27.100000381469727,926,,,,,,,,2023-05-30 09:05:00+02:00
6,27.100000381469727,27.100000381469727,27.100000381469727,27.100000381469727,27.100000381469727,250,,,,,,,,2023-05-30 09:06:00+02:00
7,27.15999984741211,27.15999984741211,27.15999984741211,27.15999984741211,27.15999984741211,2750,,,,,,,,2023-05-30 09:08:00+02:00
8,27.15999984741211,27.15999984741211,27.149999618530273,27.149999618530273,27.149999618530273,545,,,,,,,,2023-05-30 09:10:00+02:00
9,27.1200008392334,27.18000030517578,27.1200008392334,27.15999984741211,27.15999984741211,3641,,,,,,,,2023-05-30 09:11:00+02:00
10,27.139999389648438,27.139999389648438,27.139999389648438,27.139999389648438,27.139999389648438,250,,,,,,,,2023-05-30 09:12:00+02:00
11,27.1200008392334,27.1200008392334,27.1200008392334,27.1200008392334,27.1200008392334,923,,,,,,,,2023-05-30 09:13:00+02:00
12,27.110000610351562,27.110000610351562,27.100000381469727,27.110000610351562,27.110000610351562,4562,,,,,,,,2023-05-30 09:14:00+02:00
13,27.110000610351562,27.110000610351562,27.100000381469727,27.100000381469727,27.100000381469727,928,,,,,,,,2023-05-30 09:15:00+02:00
14,27.110000610351562,27.110000610351562,27.110000610351562,27.110000610351562,27.110000610351562,105,,,,,,,,2023-05-30 09:16:00+02:00
15,27.100000381469727,27.100000381469727,27.079999923706055,27.079999923706055,27.079999923706055,883,,,,,,,,2023-05-30 09:17:00+02:00
16,27.079999923706055,27.100000381469727,27.079999923706055,27.100000381469727,27.100000381469727,398,,,,,,,,2023-05-30 09:19:00+02:00
17,27.100000381469727,27.100000381469727,27.06999969482422,27.06999969482422,27.06999969482422,3169,,,,,,,,2023-05-30 09:21:00+02:00
18,27.079999923706055,27.09000015258789,27.079999923706055,27.09000015258789,27.09000015258789,575,,,,,,,,2023-05-30 09:22:00+02:00
19,27.09000015258789,27.100000381469727,27.09000015258789,27.100000381469727,27.100000381469727,766,,,,,,,,2023-05-30 09:24:00+02:00
20,27.110000610351562,27.1200008392334,27.110000610351562,27.1200008392334,27.1200008392334,2773,,,,,,,,2023-05-30 09:25:00+02:00
21,27.1299991607666,27.1299991607666,27.1299991607666,27.1299991607666,27.1299991607666,1204,,,,,,,,2023-05-30 09:26:00+02:00
22,27.139999389648438,27.15999984741211,27.139999389648438,27.15999984741211,27.15999984741211,3237,,,,,,,,2023-05-30 09:28:00+02:00
23,27.18000030517578,27.18000030517578,27.18000030517578,27.18000030517578,27.18000030517578,476,,,,,,,,2023-05-30 09:29:00+02:00
24,27.190000534057617,27.190000534057617,27.18000030517578,27.18000030517578,27.18000030517578,580,,,,,,,,2023-05-30 09:30:00+02:00
25,27.18000030517578,27.18000030517578,27.170000076293945,27.170000076293945,27.170000076293945,457,,,,,,,,2023-05-30 09:31:00+02:00
26,27.170000076293945,27.170000076293945,27.170000076293945,27.170000076293945,27.170000076293945,22,,,,,,,,2023-05-30 09:32:00+02:00
27,27.170000076293945,27.18000030517578,27.170000076293945,27.18000030517578,27.18000030517578,1111,,,,,,,,2023-05-30 09:33:00+02:00
28,27.190000534057617,27.190000534057617,27.190000534057617,27.190000534057617,27.190000534057617,421,,,,,,,,2023-05-30 09:34:00+02:00
29,27.200000762939453,27.219999313354492,27.200000762939453,27.219999313354492,27.219999313354492,3364,,,,,,,,2023-05-30 09:35:00+02:00
30,27.239999771118164,27.239999771118164,27.219999313354492,27.229999542236328,27.229999542236328,2588,,,,,,,,2023-05-30 09:36:00+02:00
31,27.219999313354492,27.219999313354492,27.219999313354492,27.219999313354492,27.219999313354492,18,,,,,,,,2023-05-30 09:37:00+02:00
32,27.209999084472656,27.219999313354492,27.209999084472656,27.209999084472656,27.209999084472656,87,,,,,,,,2023-05-30 09:38:00+02:00
33,27.209999084472656,27.219999313354492,27.209999084472656,27.219999313354492,27.219999313354492,2680,,,,,,,,2023-05-30 09:39:00+02:00
34,27.229999542236328,27.239999771118164,27.229999542236328,27.239999771118164,27.239999771118164,272,,,,,,,,2023-05-30 09:40:00+02:00
35,27.25,27.25,27.25,27.25,27.25,750,,,,,,,,2023-05-30 09:41:00+02:00
36,27.260000228881836,27.260000228881836,27.239999771118164,27.239999771118164,27.239999771118164,2885,,,,,,,,2023-05-30 09:42:00+02:00
37,27.25,27.25,27.25,27.25,27.25,250,,,,,,,,2023-05-30 09:43:00+02:00
38,27.239999771118164,27.239999771118164,27.239999771118164,27.239999771118164,27.239999771118164,250,,,,,,,,2023-05-30 09:44:00+02:00
39,27.229999542236328,27.260000228881836,27.229999542236328,27.260000228881836,27.260000228881836,2523,,,,,,,,2023-05-30 09:45:00+02:00
40,27.260000228881836,27.260000228881836,27.260000228881836,27.260000228881836,27.260000228881836,75,,,,,,,,2023-05-30 09:46:00+02:00
41,27.260000228881836,27.260000228881836,27.25,27.25,27.25,300,,,,,,,,2023-05-30 09:47:00+02:00
42,27.260000228881836,27.260000228881836,27.260000228881836,27.260000228881836,27.260000228881836,23,,,,,,,,2023-05-30 09:48:00+02:00
43,27.260000228881836,27.260000228881836,27.260000228881836,27.260000228881836,27.260000228881836,500,,,,,,,,2023-05-30 09:49:00+02:00
44,27.260000228881836,27.270000457763672,27.260000228881836,27.270000457763672,27.270000457763672,789,,,,,,,,2023-05-30 09:50:00+02:00
45,27.25,27.25,27.25,27.25,27.25,150,,,,,,,,2023-05-30 09:51:00+02:00
46,27.239999771118164,27.239999771118164,27.229999542236328,27.229999542236328,27.229999542236328,2715,,,,,,,,2023-05-30 09:52:00+02:00
47,27.209999084472656,27.209999084472656,27.209999084472656,27.209999084472656,27.209999084472656,238,,,,,,,,2023-05-30 09:53:00+02:00
48,27.200000762939453,27.200000762939453,27.200000762939453,27.200000762939453,27.200000762939453,2586,,,,,,,,2023-05-30 09:54:00+02:00
49,27.18000030517578,27.18000030517578,27.18000030517578,27.18000030517578,27.18000030517578,113,,,,,,,,2023-05-30 09:56:00+02:00
50,27.200000762939453,27.200000762939453,27.200000762939453,27.200000762939453,27.200000762939453,2746,,,,,,,,2023-05-30 09:58:00+02:00
51,27.25,27.25,27.25,27.25,27.25,750,,,,,,,,2023-05-30 09:59:00+02:00
52,27.260000228881836,27.270000457763672,27.260000228881836,27.270000457763672,27.270000457763672,2926,,,,,,,,2023-05-30 10:00:00+02:00
53,27.260000228881836,27.290000915527344,27.260000228881836,27.290000915527344,27.290000915527344,1021,,,,,,,,2023-05-30 10:02:00+02:00
54,27.280000686645508,27.290000915527344,27.270000457763672,27.290000915527344,27.290000915527344,2213,,,,,,,,2023-05-30 10:03:00+02:00
55,27.299999237060547,27.299999237060547,27.280000686645508,27.280000686645508,27.280000686645508,5739,,,,,,,,2023-05-30 10:04:00+02:00
56,27.270000457763672,27.290000915527344,27.270000457763672,27.290000915527344,27.290000915527344,2311,,,,,,,,2023-05-30 10:05:00+02:00
57,27.309999465942383,27.309999465942383,27.299999237060547,27.309999465942383,27.309999465942383,784,,,,,,,,2023-05-30 10:08:00+02:00
58,27.290000915527344,27.290000915527344,27.290000915527344,27.290000915527344,27.290000915527344,126,,,,,,,,2023-05-30 10:09:00+02:00
59,27.290000915527344,27.290000915527344,27.290000915527344,27.290000915527344,27.290000915527344,618,,,,,,,,2023-05-30 10:10:00+02:00
60,27.299999237060547,27.299999237060547,27.299999237060547,27.299999237060547,27.299999237060547,4,,,,,,,,2023-05-30 10:11:00+02:00
61,27.280000686645508,27.280000686645508,27.270000457763672,27.270000457763672,27.270000457763672,2696,,,,,,,,2023-05-30 10:12:00+02:00
62,27.260000228881836,27.260000228881836,27.260000228881836,27.260000228881836,27.260000228881836,863,,,,,,,,2023-05-30 10:13:00+02:00
63,27.270000457763672,27.270000457763672,27.270000457763672,27.270000457763672,27.270000457763672,12,,,,,,,,2023-05-30 10:14:00+02:00
64,27.260000228881836,27.260000228881836,27.260000228881836,27.260000228881836,27.260000228881836,137,,,,,,,,2023-05-30 10:16:00+02:00
65,27.260000228881836,27.260000228881836,27.260000228881836,27.260000228881836,27.260000228881836,25,,,,,,,,2023-05-30 10:17:00+02:00
66,27.25,27.25,27.239999771118164,27.239999771118164,27.239999771118164,2512,,,,,,,,2023-05-30 10:18:00+02:00
67,27.229999542236328,27.239999771118164,27.229999542236328,27.239999771118164,27.239999771118164,1443,,,,,,,,2023-05-30 10:19:00+02:00
68,27.25,27.25,27.25,27.25,27.25,753,,,,,,,,2023-05-30 10:20:00+02:00
69,27.25,27.25,27.25,27.25,27.25,161,,,,,,,,2023-05-30 10:21:00+02:00
70,27.260000228881836,27.260000228881836,27.260000228881836,27.260000228881836,27.260000228881836,346,,,,,,,,2023-05-30 10:22:00+02:00
71,27.260000228881836,27.260000228881836,27.260000228881836,27.260000228881836,27.260000228881836,149,,,,,,,,2023-05-30 10:23:00+02:00
72,27.260000228881836,27.260000228881836,27.260000228881836,27.260000228881836,27.260000228881836,491,,,,,,,,2023-05-30 10:24:00+02:00
73,27.270000457763672,27.270000457763672,27.270000457763672,27.270000457763672,27.270000457763672,255,,,,,,,,2023-05-30 10:25:00+02:00
74,27.280000686645508,27.280000686645508,27.270000457763672,27.270000457763672,27.270000457763672,1148,,,,,,,,2023-05-30 10:26:00+02:00
75,27.25,27.25,27.239999771118164,27.239999771118164,27.239999771118164,648,,,,,,,,2023-05-30 10:28:00+02:00
76,27.25,27.25,27.25,27.25,27.25,673,,,,,,,,2023-05-30 10:29:00+02:00
77,27.239999771118164,27.239999771118164,27.229999542236328,27.229999542236328,27.229999542236328,566,,,,,,,,2023-05-30 10:30:00+02:00
78,27.239999771118164,27.239999771118164,27.239999771118164,27.239999771118164,27.239999771118164,373,,,,,,,,2023-05-30 10:31:00+02:00
79,27.25,27.270000457763672,27.25,27.270000457763672,27.270000457763672,2125,,,,,,,,2023-05-30 10:32:00+02:00
80,27.280000686645508,27.280000686645508,27.280000686645508,27.280000686645508,27.280000686645508,24,,,,,,,,2023-05-30 10:33:00+02:00
81,27.280000686645508,27.280000686645508,27.280000686645508,27.280000686645508,27.280000686645508,250,,,,,,,,2023-05-30 10:34:00+02:00
82,27.270000457763672,27.280000686645508,27.270000457763672,27.280000686645508,27.280000686645508,470,,,,,,,,2023-05-30 10:35:00+02:00
83,27.280000686645508,27.280000686645508,27.280000686645508,27.280000686645508,27.280000686645508,200,,,,,,,,2023-05-30 10:36:00+02:00
84,27.280000686645508,27.280000686645508,27.280000686645508,27.280000686645508,27.280000686645508,58,,,,,,,,2023-05-30 10:37:00+02:00
85,27.290000915527344,27.290000915527344,27.260000228881836,27.280000686645508,27.280000686645508,5483,,,,,,,,2023-05-30 10:38:00+02:00
86,27.290000915527344,27.329999923706055,27.290000915527344,27.329999923706055,27.329999923706055,5583,,,,,,,,2023-05-30 10:39:00+02:00
87,27.309999465942383,27.309999465942383,27.299999237060547,27.299999237060547,27.299999237060547,723,,,,,,,,2023-05-30 10:40:00+02:00
88,27.299999237060547,27.309999465942383,27.299999237060547,27.309999465942383,27.309999465942383,730,,,,,,,,2023-05-30 10:41:00+02:00
89,27.299999237060547,27.309999465942383,27.299999237060547,27.309999465942383,27.309999465942383,824,,,,,,,,2023-05-30 10:42:00+02:00
90,27.290000915527344,27.299999237060547,27.280000686645508,27.299999237060547,27.299999237060547,1740,,,,,,,,2023-05-30 10:43:00+02:00
91,27.299999237060547,27.299999237060547,27.299999237060547,27.299999237060547,27.299999237060547,858,,,,,,,,2023-05-30 10:44:00+02:00
92,27.299999237060547,27.299999237060547,27.299999237060547,27.299999237060547,27.299999237060547,1145,,,,,,,,2023-05-30 10:45:00+02:00
93,27.280000686645508,27.290000915527344,27.280000686645508,27.290000915527344,27.290000915527344,2028,,,,,,,,2023-05-30 10:46:00+02:00
94,27.299999237060547,27.299999237060547,27.299999237060547,27.299999237060547,27.299999237060547,18,,,,,,,,2023-05-30 10:47:00+02:00
95,27.299999237060547,27.309999465942383,27.299999237060547,27.309999465942383,27.309999465942383,12,,,,,,,,2023-05-30 10:48:00+02:00
96,27.299999237060547,27.309999465942383,27.299999237060547,27.309999465942383,27.309999465942383,227,,,,,,,,2023-05-30 10:49:00+02:00
97,27.31999969482422,27.31999969482422,27.31999969482422,27.31999969482422,27.31999969482422,1106,,,,,,,,2023-05-30 10:50:00+02:00
98,27.31999969482422,27.329999923706055,27.31999969482422,27.329999923706055,27.329999923706055,1244,,,,,,,,2023-05-30 10:51:00+02:00
99,27.329999923706055,27.329999923706055,27.329999923706055,27.329999923706055,27.329999923706055,303,,,,,,,,2023-05-30 10:52:00+02:00
100,27.31999969482422,27.31999969482422,27.309999465942383,27.309999465942383,27.309999465942383,462,,,,,,,,2023-05-30 10:53:00+02:00
101,27.309999465942383,27.309999465942383,27.309999465942383,27.309999465942383,27.309999465942383,726,,,,,,,,2023-05-30 10:54:00+02:00
102,27.31999969482422,27.31999969482422,27.31999969482422,27.31999969482422,27.31999969482422,10,,,,,,,,2023-05-30 10:55:00+02:00
103,27.309999465942383,27.309999465942383,27.299999237060547,27.299999237060547,27.299999237060547,6938,,,,,,,,2023-05-30 10:56:00+02:00
104,27.299999237060547,27.309999465942383,27.280000686645508,27.280000686645508,27.280000686645508,3029,,,,,,,,2023-05-30 10:58:00+02:00
105,27.280000686645508,27.280000686645508,27.270000457763672,27.270000457763672,27.270000457763672,317,,,,,,,,2023-05-30 10:59:00+02:00
106,27.270000457763672,27.270000457763672,27.270000457763672,27.270000457763672,27.270000457763672,760,,,,,,,,2023-05-30 11:03:00+02:00
107,27.270000457763672,27.270000457763672,27.260000228881836,27.260000228881836,27.260000228881836,1000,,,,,,,,2023-05-30 11:05:00+02:00
108,27.260000228881836,27.260000228881836,27.260000228881836,27.260000228881836,27.260000228881836,336,,,,,,,,2023-05-30 11:06:00+02:00
109,27.299999237060547,27.299999237060547,27.299999237060547,27.299999237060547,27.299999237060547,1,,,,,,,,2023-05-30 11:08:00+02:00
110,27.290000915527344,27.290000915527344,27.290000915527344,27.290000915527344,27.290000915527344,50,,,,,,,,2023-05-30 11:09:00+02:00
111,27.290000915527344,27.290000915527344,27.280000686645508,27.290000915527344,27.290000915527344,1206,,,,,,,,2023-05-30 11:10:00+02:00
112,27.290000915527344,27.299999237060547,27.290000915527344,27.299999237060547,27.299999237060547,2570,,,,,,,,2023-05-30 11:11:00+02:00
113,27.309999465942383,27.309999465942383,27.309999465942383,27.309999465942383,27.309999465942383,113,,,,,,,,2023-05-30 11:13:00+02:00
114,27.309999465942383,27.309999465942383,27.309999465942383,27.309999465942383,27.309999465942383,250,,,,,,,,2023-05-30 11:14:00+02:00
115,27.309999465942383,27.309999465942383,27.290000915527344,27.290000915527344,27.290000915527344,983,,,,,,,,2023-05-30 11:15:00+02:00
116,27.280000686645508,27.280000686645508,27.280000686645508,27.280000686645508,27.280000686645508,124,,,,,,,,2023-05-30 11:16:00+02:00
117,27.290000915527344,27.290000915527344,27.290000915527344,27.290000915527344,27.290000915527344,318,,,,,,,,2023-05-30 11:20:00+02:00
118,27.299999237060547,27.299999237060547,27.290000915527344,27.290000915527344,27.290000915527344,242,,,,,,,,2023-05-30 11:21:00+02:00
119,27.270000457763672,27.280000686645508,27.270000457763672,27.280000686645508,27.280000686645508,117,,,,,,,,2023-05-30 11:24:00+02:00
120,27.280000686645508,27.280000686645508,27.280000686645508,27.280000686645508,27.280000686645508,82,,,,,,,,2023-05-30 11:25:00+02:00
121,27.270000457763672,27.270000457763672,27.270000457763672,27.270000457763672,27.270000457763672,167,,,,,,,,2023-05-30 11:26:00+02:00
122,27.260000228881836,27.260000228881836,27.25,27.25,27.25,336,,,,,,,,2023-05-30 11:29:00+02:00
123,27.25,27.25,27.25,27.25,27.25,302,,,,,,,,2023-05-30 11:31:00+02:00
124,27.270000457763672,27.270000457763672,27.260000228881836,27.270000457763672,27.270000457763672,642,,,,,,,,2023-05-30 11:32:00+02:00
125,27.270000457763672,27.270000457763672,27.270000457763672,27.270000457763672,27.270000457763672,4,,,,,,,,2023-05-30 11:33:00+02:00
126,27.239999771118164,27.239999771118164,27.239999771118164,27.239999771118164,27.239999771118164,3029,,,,,,,,2023-05-30 11:35:00+02:00
127,27.229999542236328,27.239999771118164,27.229999542236328,27.239999771118164,27.239999771118164,1255,,,,,,,,2023-05-30 11:36:00+02:00
128,27.219999313354492,27.219999313354492,27.219999313354492,27.219999313354492,27.219999313354492,100,,,,,,,,2023-05-30 11:37:00+02:00
129,27.25,27.25,27.25,27.25,27.25,592,,,,,,,,2023-05-30 11:38:00+02:00
130,27.260000228881836,27.260000228881836,27.260000228881836,27.260000228881836,27.260000228881836,2611,,,,,,,,2023-05-30 11:39:00+02:00
131,27.260000228881836,27.260000228881836,27.25,27.25,27.25,323,,,,,,,,2023-05-30 11:40:00+02:00
132,27.260000228881836,27.260000228881836,27.25,27.25,27.25,806,,,,,,,,2023-05-30 11:42:00+02:00
133,27.25,27.25,27.25,27.25,27.25,925,,,,,,,,2023-05-30 11:43:00+02:00
134,27.260000228881836,27.260000228881836,27.25,27.25,27.25,371,,,,,,,,2023-05-30 11:44:00+02:00
135,27.25,27.25,27.25,27.25,27.25,721,,,,,,,,2023-05-30 11:45:00+02:00
136,27.260000228881836,27.260000228881836,27.260000228881836,27.260000228881836,27.260000228881836,137,,,,,,,,2023-05-30 11:48:00+02:00
137,27.260000228881836,27.260000228881836,27.260000228881836,27.260000228881836,27.260000228881836,707,,,,,,,,2023-05-30 11:50:00+02:00
138,27.270000457763672,27.280000686645508,27.270000457763672,27.280000686645508,27.280000686645508,193,,,,,,,,2023-05-30 11:51:00+02:00
139,27.270000457763672,27.270000457763672,27.270000457763672,27.270000457763672,27.270000457763672,20,,,,,,,,2023-05-30 11:55:00+02:00
140,27.270000457763672,27.270000457763672,27.270000457763672,27.270000457763672,27.270000457763672,371,,,,,,,,2023-05-30 11:56:00+02:00
141,27.260000228881836,27.260000228881836,27.260000228881836,27.260000228881836,27.260000228881836,125,,,,,,,,2023-05-30 11:57:00+02:00
142,27.25,27.25,27.25,27.25,27.25,326,,,,,,,,2023-05-30 11:58:00+02:00
143,27.260000228881836,27.260000228881836,27.25,27.25,27.25,726,,,,,,,,2023-05-30 11:59:00+02:00
144,27.25,27.25,27.25,27.25,27.25,395,,,,,,,,2023-05-30 12:00:00+02:00
145,27.239999771118164,27.239999771118164,27.239999771118164,27.239999771118164,27.239999771118164,36,,,,,,,,2023-05-30 12:01:00+02:00
146,27.239999771118164,27.239999771118164,27.209999084472656,27.209999084472656,27.209999084472656,9027,,,,,,,,2023-05-30 12:02:00+02:00
147,27.209999084472656,27.219999313354492,27.209999084472656,27.219999313354492,27.219999313354492,585,,,,,,,,2023-05-30 12:03:00+02:00
148,27.229999542236328,27.229999542236328,27.229999542236328,27.229999542236328,27.229999542236328,64,,,,,,,,2023-05-30 12:05:00+02:00
149,27.219999313354492,27.219999313354492,27.209999084472656,27.209999084472656,27.209999084472656,688,,,,,,,,2023-05-30 12:06:00+02:00
150,27.209999084472656,27.209999084472656,27.209999084472656,27.209999084472656,27.209999084472656,792,,,,,,,,2023-05-30 12:07:00+02:00
151,27.209999084472656,27.219999313354492,27.209999084472656,27.219999313354492,27.219999313354492,649,,,,,,,,2023-05-30 12:08:00+02:00
152,27.209999084472656,27.209999084472656,27.209999084472656,27.209999084472656,27.209999084472656,1442,,,,,,,,2023-05-30 12:09:00+02:00
153,27.219999313354492,27.219999313354492,27.219999313354492,27.219999313354492,27.219999313354492,100,,,,,,,,2023-05-30 12:10:00+02:00
154,27.219999313354492,27.219999313354492,27.219999313354492,27.219999313354492,27.219999313354492,4,,,,,,,,2023-05-30 12:11:00+02:00
155,27.209999084472656,27.209999084472656,27.209999084472656,27.209999084472656,27.209999084472656,250,,,,,,,,2023-05-30 12:12:00+02:00
156,27.209999084472656,27.219999313354492,27.209999084472656,27.219999313354492,27.219999313354492,1605,,,,,,,,2023-05-30 12:13:00+02:00
157,27.219999313354492,27.229999542236328,27.219999313354492,27.229999542236328,27.229999542236328,1612,,,,,,,,2023-05-30 12:14:00+02:00
158,27.229999542236328,27.239999771118164,27.229999542236328,27.239999771118164,27.239999771118164,505,,,,,,,,2023-05-30 12:15:00+02:00
159,27.239999771118164,27.239999771118164,27.239999771118164,27.239999771118164,27.239999771118164,1545,,,,,,,,2023-05-30 12:16:00+02:00
160,27.270000457763672,27.270000457763672,27.270000457763672,27.270000457763672,27.270000457763672,12,,,,,,,,2023-05-30 12:17:00+02:00
161,27.25,27.25,27.25,27.25,27.25,500,,,,,,,,2023-05-30 12:18:00+02:00
162,27.260000228881836,27.260000228881836,27.260000228881836,27.260000228881836,27.260000228881836,2507,,,,,,,,2023-05-30 12:23:00+02:00
163,27.270000457763672,27.270000457763672,27.270000457763672,27.270000457763672,27.270000457763672,1385,,,,,,,,2023-05-30 12:24:00+02:00
164,27.270000457763672,27.270000457763672,27.260000228881836,27.260000228881836,27.260000228881836,457,,,,,,,,2023-05-30 12:25:00+02:00
165,27.270000457763672,27.270000457763672,27.270000457763672,27.270000457763672,27.270000457763672,18,,,,,,,,2023-05-30 12:28:00+02:00
166,27.260000228881836,27.260000228881836,27.25,27.25,27.25,557,,,,,,,,2023-05-30 12:31:00+02:00
167,27.260000228881836,27.260000228881836,27.260000228881836,27.260000228881836,27.260000228881836,1072,,,,,,,,2023-05-30 12:32:00+02:00
168,27.270000457763672,27.270000457763672,27.270000457763672,27.270000457763672,27.270000457763672,1627,,,,,,,,2023-05-30 12:33:00+02:00
169,27.270000457763672,27.270000457763672,27.270000457763672,27.270000457763672,27.270000457763672,125,,,,,,,,2023-05-30 12:34:00+02:00
170,27.270000457763672,27.270000457763672,27.270000457763672,27.270000457763672,27.270000457763672,1429,,,,,,,,2023-05-30 12:35:00+02:00
171,27.270000457763672,27.270000457763672,27.270000457763672,27.270000457763672,27.270000457763672,500,,,,,,,,2023-05-30 12:37:00+02:00
172,27.280000686645508,27.290000915527344,27.280000686645508,27.290000915527344,27.290000915527344,3158,,,,,,,,2023-05-30 12:39:00+02:00
173,27.290000915527344,27.290000915527344,27.290000915527344,27.290000915527344,27.290000915527344,1074,,,,,,,,2023-05-30 12:40:00+02:00
174,27.299999237060547,27.299999237060547,27.299999237060547,27.299999237060547,27.299999237060547,260,,,,,,,,2023-05-30 12:41:00+02:00
175,27.290000915527344,27.290000915527344,27.290000915527344,27.290000915527344,27.290000915527344,901,,,,,,,,2023-05-30 12:42:00+02:00
176,27.290000915527344,27.290000915527344,27.290000915527344,27.290000915527344,27.290000915527344,85,,,,,,,,2023-05-30 12:43:00+02:00
177,27.299999237060547,27.299999237060547,27.299999237060547,27.299999237060547,27.299999237060547,25,,,,,,,,2023-05-30 12:44:00+02:00
178,27.299999237060547,27.299999237060547,27.299999237060547,27.299999237060547,27.299999237060547,2584,,,,,,,,2023-05-30 12:46:00+02:00
179,27.309999465942383,27.309999465942383,27.309999465942383,27.309999465942383,27.309999465942383,548,,,,,,,,2023-05-30 12:47:00+02:00
180,27.299999237060547,27.309999465942383,27.299999237060547,27.309999465942383,27.309999465942383,941,,,,,,,,2023-05-30 12:48:00+02:00
181,27.290000915527344,27.290000915527344,27.290000915527344,27.290000915527344,27.290000915527344,1000,,,,,,,,2023-05-30 12:50:00+02:00
182,27.290000915527344,27.299999237060547,27.280000686645508,27.280000686645508,27.280000686645508,831,,,,,,,,2023-05-30 12:53:00+02:00
183,27.290000915527344,27.290000915527344,27.290000915527344,27.290000915527344,27.290000915527344,250,,,,,,,,2023-05-30 12:54:00+02:00
184,27.290000915527344,27.290000915527344,27.290000915527344,27.290000915527344,27.290000915527344,250,,,,,,,,2023-05-30 12:56:00+02:00
185,27.299999237060547,27.299999237060547,27.299999237060547,27.299999237060547,27.299999237060547,221,,,,,,,,2023-05-30 12:57:00+02:00
186,27.280000686645508,27.280000686645508,27.280000686645508,27.280000686645508,27.280000686645508,911,,,,,,,,2023-05-30 12:58:00+02:00
187,27.280000686645508,27.290000915527344,27.280000686645508,27.290000915527344,27.290000915527344,170,,,,,,,,2023-05-30 12:59:00+02:00
188,27.299999237060547,27.309999465942383,27.299999237060547,27.309999465942383,27.309999465942383,2171,,,,,,,,2023-05-30 13:01:00+02:00
189,27.309999465942383,27.31999969482422,27.309999465942383,27.31999969482422,27.31999969482422,1042,,,,,,,,2023-05-30 13:02:00+02:00
190,27.309999465942383,27.31999969482422,27.299999237060547,27.31999969482422,27.31999969482422,494,,,,,,,,2023-05-30 13:03:00+02:00
191,27.309999465942383,27.309999465942383,27.309999465942383,27.309999465942383,27.309999465942383,250,,,,,,,,2023-05-30 13:05:00+02:00
192,27.299999237060547,27.299999237060547,27.290000915527344,27.290000915527344,27.290000915527344,372,,,,,,,,2023-05-30 13:06:00+02:00
193,27.299999237060547,27.309999465942383,27.299999237060547,27.309999465942383,27.309999465942383,86,,,,,,,,2023-05-30 13:09:00+02:00
194,27.309999465942383,27.309999465942383,27.299999237060547,27.309999465942383,27.309999465942383,225,,,,,,,,2023-05-30 13:10:00+02:00
195,27.31999969482422,27.31999969482422,27.31999969482422,27.31999969482422,27.31999969482422,254,,,,,,,,2023-05-30 13:11:00+02:00
196,27.309999465942383,27.31999969482422,27.309999465942383,27.31999969482422,27.31999969482422,414,,,,,,,,2023-05-30 13:12:00+02:00
197,27.309999465942383,27.309999465942383,27.309999465942383,27.309999465942383,27.309999465942383,134,,,,,,,,2023-05-30 13:13:00+02:00
198,27.309999465942383,27.309999465942383,27.309999465942383,27.309999465942383,27.309999465942383,495,,,,,,,,2023-05-30 13:14:00+02:00
199,27.309999465942383,27.309999465942383,27.309999465942383,27.309999465942383,27.309999465942383,6,,,,,,,,2023-05-30 13:15:00+02:00
200,27.309999465942383,27.309999465942383,27.309999465942383,27.309999465942383,27.309999465942383,6,,,,,,,,2023-05-30 13:16:00+02:00
201,27.299999237060547,27.299999237060547,27.299999237060547,27.299999237060547,27.299999237060547,1059,,,,,,,,2023-05-30 13:17:00+02:00
202,27.299999237060547,27.309999465942383,27.299999237060547,27.299999237060547,27.299999237060547,452,,,,,,,,2023-05-30 13:18:00+02:00
203,27.299999237060547,27.309999465942383,27.299999237060547,27.299999237060547,27.299999237060547,411,,,,,,,,2023-05-30 13:19:00+02:00
204,27.309999465942383,27.309999465942383,27.309999465942383,27.309999465942383,27.309999465942383,10,,,,,,,,2023-05-30 13:21:00+02:00
205,27.299999237060547,27.299999237060547,27.299999237060547,27.299999237060547,27.299999237060547,4,,,,,,,,2023-05-30 13:22:00+02:00
206,27.299999237060547,27.299999237060547,27.299999237060547,27.299999237060547,27.299999237060547,10,,,,,,,,2023-05-30 13:23:00+02:00
207,27.299999237060547,27.299999237060547,27.299999237060547,27.299999237060547,27.299999237060547,824,,,,,,,,2023-05-30 13:24:00+02:00
208,27.299999237060547,27.309999465942383,27.299999237060547,27.309999465942383,27.309999465942383,667,,,,,,,,2023-05-30 13:26:00+02:00
209,27.31999969482422,27.31999969482422,27.31999969482422,27.31999969482422,27.31999969482422,20,,,,,,,,2023-05-30 13:27:00+02:00
210,27.309999465942383,27.309999465942383,27.309999465942383,27.309999465942383,27.309999465942383,555,,,,,,,,2023-05-30 13:28:00+02:00
211,27.31999969482422,27.329999923706055,27.31999969482422,27.31999969482422,27.31999969482422,484,,,,,,,,2023-05-30 13:29:00+02:00
212,27.329999923706055,27.34000015258789,27.329999923706055,27.34000015258789,27.34000015258789,728,,,,,,,,2023-05-30 13:30:00+02:00
213,27.350000381469727,27.350000381469727,27.350000381469727,27.350000381469727,27.350000381469727,37,,,,,,,,2023-05-30 13:31:00+02:00
214,27.34000015258789,27.34000015258789,27.34000015258789,27.34000015258789,27.34000015258789,455,,,,,,,,2023-05-30 13:32:00+02:00
215,27.360000610351562,27.360000610351562,27.360000610351562,27.360000610351562,27.360000610351562,2662,,,,,,,,2023-05-30 13:33:00+02:00
216,27.3700008392334,27.3700008392334,27.360000610351562,27.3700008392334,27.3700008392334,1854,,,,,,,,2023-05-30 13:34:00+02:00
217,27.3799991607666,27.3799991607666,27.3799991607666,27.3799991607666,27.3799991607666,455,,,,,,,,2023-05-30 13:36:00+02:00
218,27.3700008392334,27.3700008392334,27.3700008392334,27.3700008392334,27.3700008392334,61,,,,,,,,2023-05-30 13:37:00+02:00
219,27.3700008392334,27.3700008392334,27.3700008392334,27.3700008392334,27.3700008392334,9,,,,,,,,2023-05-30 13:38:00+02:00
220,27.360000610351562,27.360000610351562,27.360000610351562,27.360000610351562,27.360000610351562,1,,,,,,,,2023-05-30 13:39:00+02:00
221,27.3700008392334,27.3700008392334,27.3700008392334,27.3700008392334,27.3700008392334,751,,,,,,,,2023-05-30 13:42:00+02:00
222,27.3700008392334,27.3700008392334,27.3700008392334,27.3700008392334,27.3700008392334,764,,,,,,,,2023-05-30 13:43:00+02:00
223,27.3700008392334,27.3700008392334,27.3700008392334,27.3700008392334,27.3700008392334,21,,,,,,,,2023-05-30 13:45:00+02:00
224,27.3799991607666,27.3799991607666,27.3799991607666,27.3799991607666,27.3799991607666,478,,,,,,,,2023-05-30 13:46:00+02:00
225,27.389999389648438,27.399999618530273,27.389999389648438,27.399999618530273,27.399999618530273,1114,,,,,,,,2023-05-30 13:47:00+02:00
226,27.3799991607666,27.389999389648438,27.3799991607666,27.3799991607666,27.3799991607666,3925,,,,,,,,2023-05-30 13:49:00+02:00
227,27.3799991607666,27.3799991607666,27.3799991607666,27.3799991607666,27.3799991607666,17,,,,,,,,2023-05-30 13:50:00+02:00
228,27.389999389648438,27.389999389648438,27.389999389648438,27.389999389648438,27.389999389648438,1340,,,,,,,,2023-05-30 13:51:00+02:00
229,27.389999389648438,27.389999389648438,27.389999389648438,27.389999389648438,27.389999389648438,299,,,,,,,,2023-05-30 13:52:00+02:00
230,27.389999389648438,27.389999389648438,27.3700008392334,27.3700008392334,27.3700008392334,1728,,,,,,,,2023-05-30 13:53:00+02:00
231,27.3700008392334,27.3700008392334,27.3700008392334,27.3700008392334,27.3700008392334,118,,,,,,,,2023-05-30 13:55:00+02:00
232,27.3700008392334,27.3700008392334,27.3700008392334,27.3700008392334,27.3700008392334,250,,,,,,,,2023-05-30 14:01:00+02:00
233,27.360000610351562,27.360000610351562,27.350000381469727,27.350000381469727,27.350000381469727,2071,,,,,,,,2023-05-30 14:02:00+02:00
234,27.34000015258789,27.34000015258789,27.329999923706055,27.34000015258789,27.34000015258789,63,,,,,,,,2023-05-30 14:03:00+02:00
235,27.34000015258789,27.350000381469727,27.34000015258789,27.350000381469727,27.350000381469727,1524,,,,,,,,2023-05-30 14:07:00+02:00
236,27.360000610351562,27.3700008392334,27.360000610351562,27.3700008392334,27.3700008392334,2783,,,,,,,,2023-05-30 14:09:00+02:00
237,27.360000610351562,27.360000610351562,27.360000610351562,27.360000610351562,27.360000610351562,316,,,,,,,,2023-05-30 14:10:00+02:00
238,27.350000381469727,27.350000381469727,27.350000381469727,27.350000381469727,27.350000381469727,384,,,,,,,,2023-05-30 14:11:00+02:00
239,27.360000610351562,27.360000610351562,27.360000610351562,27.360000610351562,27.360000610351562,250,,,,,,,,2023-05-30 14:12:00+02:00
240,27.360000610351562,27.360000610351562,27.360000610351562,27.360000610351562,27.360000610351562,328,,,,,,,,2023-05-30 14:13:00+02:00
241,27.3700008392334,27.3700008392334,27.350000381469727,27.350000381469727,27.350000381469727,1914,,,,,,,,2023-05-30 14:14:00+02:00
242,27.34000015258789,27.34000015258789,27.34000015258789,27.34000015258789,27.34000015258789,344,,,,,,,,2023-05-30 14:15:00+02:00
243,27.34000015258789,27.34000015258789,27.34000015258789,27.34000015258789,27.34000015258789,921,,,,,,,,2023-05-30 14:17:00+02:00
244,27.34000015258789,27.34000015258789,27.34000015258789,27.34000015258789,27.34000015258789,67,,,,,,,,2023-05-30 14:18:00+02:00
245,27.34000015258789,27.34000015258789,27.34000015258789,27.34000015258789,27.34000015258789,28,,,,,,,,2023-05-30 14:19:00+02:00
246,27.329999923706055,27.329999923706055,27.329999923706055,27.329999923706055,27.329999923706055,2,,,,,,,,2023-05-30 14:21:00+02:00
247,27.329999923706055,27.329999923706055,27.329999923706055,27.329999923706055,27.329999923706055,576,,,,,,,,2023-05-30 14:22:00+02:00
248,27.329999923706055,27.34000015258789,27.329999923706055,27.329999923706055,27.329999923706055,586,,,,,,,,2023-05-30 14:23:00+02:00
249,27.34000015258789,27.34000015258789,27.329999923706055,27.329999923706055,27.329999923706055,445,,,,,,,,2023-05-30 14:25:00+02:00
250,27.329999923706055,27.329999923706055,27.329999923706055,27.329999923706055,27.329999923706055,167,,,,,,,,2023-05-30 14:26:00+02:00
251,27.329999923706055,27.329999923706055,27.329999923706055,27.329999923706055,27.329999923706055,365,,,,,,,,2023-05-30 14:27:00+02:00
252,27.31999969482422,27.31999969482422,27.309999465942383,27.309999465942383,27.309999465942383,1210,,,,,,,,2023-05-30 14:28:00+02:00
253,27.309999465942383,27.309999465942383,27.309999465942383,27.309999465942383,27.309999465942383,251,,,,,,,,2023-05-30 14:29:00+02:00
254,27.31999969482422,27.31999969482422,27.309999465942383,27.309999465942383,27.309999465942383,254,,,,,,,,2023-05-30 14:30:00+02:00
255,27.31999969482422,27.31999969482422,27.31999969482422,27.31999969482422,27.31999969482422,561,,,,,,,,2023-05-30 14:32:00+02:00
256,27.329999923706055,27.329999923706055,27.299999237060547,27.309999465942383,27.309999465942383,555,,,,,,,,2023-05-30 14:33:00+02:00
257,27.309999465942383,27.309999465942383,27.299999237060547,27.299999237060547,27.299999237060547,3214,,,,,,,,2023-05-30 14:34:00+02:00
258,27.299999237060547,27.299999237060547,27.299999237060547,27.299999237060547,27.299999237060547,775,,,,,,,,2023-05-30 14:35:00+02:00
259,27.309999465942383,27.309999465942383,27.299999237060547,27.299999237060547,27.299999237060547,1578,,,,,,,,2023-05-30 14:37:00+02:00
260,27.299999237060547,27.299999237060547,27.299999237060547,27.299999237060547,27.299999237060547,26,,,,,,,,2023-05-30 14:39:00+02:00
261,27.309999465942383,27.309999465942383,27.290000915527344,27.290000915527344,27.290000915527344,1954,,,,,,,,2023-05-30 14:40:00+02:00
262,27.290000915527344,27.290000915527344,27.290000915527344,27.290000915527344,27.290000915527344,374,,,,,,,,2023-05-30 14:42:00+02:00
263,27.290000915527344,27.290000915527344,27.290000915527344,27.290000915527344,27.290000915527344,1080,,,,,,,,2023-05-30 14:43:00+02:00
264,27.299999237060547,27.31999969482422,27.299999237060547,27.31999969482422,27.31999969482422,2496,,,,,,,,2023-05-30 14:44:00+02:00
265,27.31999969482422,27.329999923706055,27.31999969482422,27.329999923706055,27.329999923706055,6604,,,,,,,,2023-05-30 14:46:00+02:00
266,27.329999923706055,27.329999923706055,27.329999923706055,27.329999923706055,27.329999923706055,566,,,,,,,,2023-05-30 14:47:00+02:00
267,27.329999923706055,27.34000015258789,27.329999923706055,27.329999923706055,27.329999923706055,1409,,,,,,,,2023-05-30 14:48:00+02:00
268,27.34000015258789,27.34000015258789,27.329999923706055,27.329999923706055,27.329999923706055,937,,,,,,,,2023-05-30 14:49:00+02:00
269,27.31999969482422,27.31999969482422,27.31999969482422,27.31999969482422,27.31999969482422,383,,,,,,,,2023-05-30 14:50:00+02:00
270,27.31999969482422,27.31999969482422,27.31999969482422,27.31999969482422,27.31999969482422,280,,,,,,,,2023-05-30 14:52:00+02:00
271,27.309999465942383,27.31999969482422,27.309999465942383,27.309999465942383,27.309999465942383,631,,,,,,,,2023-05-30 14:53:00+02:00
272,27.309999465942383,27.309999465942383,27.309999465942383,27.309999465942383,27.309999465942383,206,,,,,,,,2023-05-30 14:54:00+02:00
273,27.309999465942383,27.329999923706055,27.309999465942383,27.329999923706055,27.329999923706055,240,,,,,,,,2023-05-30 14:55:00+02:00
274,27.309999465942383,27.31999969482422,27.309999465942383,27.31999969482422,27.31999969482422,1155,,,,,,,,2023-05-30 14:58:00+02:00
275,27.309999465942383,27.309999465942383,27.309999465942383,27.309999465942383,27.309999465942383,962,,,,,,,,2023-05-30 14:59:00+02:00
276,27.309999465942383,27.309999465942383,27.309999465942383,27.309999465942383,27.309999465942383,6,,,,,,,,2023-05-30 15:00:00+02:00
277,27.309999465942383,27.309999465942383,27.299999237060547,27.299999237060547,27.299999237060547,3791,,,,,,,,2023-05-30 15:01:00+02:00
278,27.299999237060547,27.31999969482422,27.299999237060547,27.31999969482422,27.31999969482422,3157,,,,,,,,2023-05-30 15:02:00+02:00
279,27.31999969482422,27.329999923706055,27.31999969482422,27.329999923706055,27.329999923706055,1460,,,,,,,,2023-05-30 15:03:00+02:00
280,27.329999923706055,27.329999923706055,27.329999923706055,27.329999923706055,27.329999923706055,545,,,,,,,,2023-05-30 15:04:00+02:00
281,27.34000015258789,27.350000381469727,27.34000015258789,27.34000015258789,27.34000015258789,291,,,,,,,,2023-05-30 15:06:00+02:00
282,27.329999923706055,27.329999923706055,27.329999923706055,27.329999923706055,27.329999923706055,2579,,,,,,,,2023-05-30 15:07:00+02:00
283,27.329999923706055,27.329999923706055,27.329999923706055,27.329999923706055,27.329999923706055,250,,,,,,,,2023-05-30 15:08:00+02:00
284,27.31999969482422,27.31999969482422,27.309999465942383,27.309999465942383,27.309999465942383,1423,,,,,,,,2023-05-30 15:09:00+02:00
285,27.299999237060547,27.299999237060547,27.299999237060547,27.299999237060547,27.299999237060547,55,,,,,,,,2023-05-30 15:11:00+02:00
286,27.309999465942383,27.31999969482422,27.309999465942383,27.31999969482422,27.31999969482422,1615,,,,,,,,2023-05-30 15:12:00+02:00
287,27.329999923706055,27.329999923706055,27.31999969482422,27.31999969482422,27.31999969482422,374,,,,,,,,2023-05-30 15:14:00+02:00
288,27.31999969482422,27.31999969482422,27.31999969482422,27.31999969482422,27.31999969482422,8,,,,,,,,2023-05-30 15:15:00+02:00
289,27.329999923706055,27.329999923706055,27.329999923706055,27.329999923706055,27.329999923706055,106,,,,,,,,2023-05-30 15:16:00+02:00
290,27.31999969482422,27.31999969482422,27.31999969482422,27.31999969482422,27.31999969482422,634,,,,,,,,2023-05-30 15:17:00+02:00
291,27.329999923706055,27.329999923706055,27.329999923706055,27.329999923706055,27.329999923706055,5,,,,,,,,2023-05-30 15:18:00+02:00
292,27.34000015258789,27.34000015258789,27.329999923706055,27.329999923706055,27.329999923706055,619,,,,,,,,2023-05-30 15:19:00+02:00
293,27.329999923706055,27.329999923706055,27.329999923706055,27.329999923706055,27.329999923706055,1806,,,,,,,,2023-05-30 15:20:00+02:00
294,27.329999923706055,27.329999923706055,27.329999923706055,27.329999923706055,27.329999923706055,584,,,,,,,,2023-05-30 15:21:00+02:00
295,27.34000015258789,27.34000015258789,27.329999923706055,27.329999923706055,27.329999923706055,2142,,,,,,,,2023-05-30 15:23:00+02:00
296,27.31999969482422,27.31999969482422,27.31999969482422,27.31999969482422,27.31999969482422,1026,,,,,,,,2023-05-30 15:24:00+02:00
297,27.31999969482422,27.31999969482422,27.31999969482422,27.31999969482422,27.31999969482422,730,,,,,,,,2023-05-30 15:25:00+02:00
298,27.31999969482422,27.31999969482422,27.31999969482422,27.31999969482422,27.31999969482422,416,,,,,,,,2023-05-30 15:26:00+02:00
299,27.31999969482422,27.31999969482422,27.31999969482422,27.31999969482422,27.31999969482422,486,,,,,,,,2023-05-30 15:27:00+02:00
300,27.31999969482422,27.31999969482422,27.309999465942383,27.31999969482422,27.31999969482422,288,,,,,,,,2023-05-30 15:28:00+02:00
301,27.309999465942383,27.309999465942383,27.309999465942383,27.309999465942383,27.309999465942383,976,,,,,,,,2023-05-30 15:29:00+02:00
302,27.290000915527344,27.290000915527344,27.290000915527344,27.290000915527344,27.290000915527344,1943,,,,,,,,2023-05-30 15:30:00+02:00
303,27.299999237060547,27.309999465942383,27.299999237060547,27.309999465942383,27.309999465942383,988,,,,,,,,2023-05-30 15:32:00+02:00
304,27.31999969482422,27.329999923706055,27.31999969482422,27.329999923706055,27.329999923706055,2189,,,,,,,,2023-05-30 15:33:00+02:00
305,27.329999923706055,27.329999923706055,27.329999923706055,27.329999923706055,27.329999923706055,1195,,,,,,,,2023-05-30 15:34:00+02:00
306,27.329999923706055,27.329999923706055,27.329999923706055,27.329999923706055,27.329999923706055,266,,,,,,,,2023-05-30 15:35:00+02:00
307,27.329999923706055,27.329999923706055,27.329999923706055,27.329999923706055,27.329999923706055,5,,,,,,,,2023-05-30 15:36:00+02:00
308,27.329999923706055,27.329999923706055,27.329999923706055,27.329999923706055,27.329999923706055,97,,,,,,,,2023-05-30 15:37:00+02:00
309,27.31999969482422,27.329999923706055,27.31999969482422,27.329999923706055,27.329999923706055,1429,,,,,,,,2023-05-30 15:38:00+02:00
310,27.31999969482422,27.329999923706055,27.31999969482422,27.329999923706055,27.329999923706055,2704,,,,,,,,2023-05-30 15:39:00+02:00
311,27.34000015258789,27.34000015258789,27.34000015258789,27.34000015258789,27.34000015258789,1011,,,,,,,,2023-05-30 15:40:00+02:00
312,27.350000381469727,27.360000610351562,27.34000015258789,27.34000015258789,27.34000015258789,9366,,,,,,,,2023-05-30 15:42:00+02:00
313,27.34000015258789,27.34000015258789,27.34000015258789,27.34000015258789,27.34000015258789,3166,,,,,,,,2023-05-30 15:43:00+02:00
314,27.34000015258789,27.34000015258789,27.34000015258789,27.34000015258789,27.34000015258789,1494,,,,,,,,2023-05-30 15:44:00+02:00
315,27.34000015258789,27.34000015258789,27.34000015258789,27.34000015258789,27.34000015258789,127,,,,,,,,2023-05-30 15:45:00+02:00
316,27.329999923706055,27.34000015258789,27.329999923706055,27.329999923706055,27.329999923706055,2670,,,,,,,,2023-05-30 15:46:00+02:00
317,27.34000015258789,27.350000381469727,27.34000015258789,27.350000381469727,27.350000381469727,851,,,,,,,,2023-05-30 15:47:00+02:00
318,27.350000381469727,27.350000381469727,27.350000381469727,27.350000381469727,27.350000381469727,1443,,,,,,,,2023-05-30 15:48:00+02:00
319,27.34000015258789,27.34000015258789,27.34000015258789,27.34000015258789,27.34000015258789,1150,,,,,,,,2023-05-30 15:49:00+02:00
320,27.34000015258789,27.34000015258789,27.34000015258789,27.34000015258789,27.34000015258789,4,,,,,,,,2023-05-30 15:50:00+02:00
321,27.34000015258789,27.34000015258789,27.34000015258789,27.34000015258789,27.34000015258789,2567,,,,,,,,2023-05-30 15:51:00+02:00
322,27.350000381469727,27.350000381469727,27.34000015258789,27.34000015258789,27.34000015258789,4544,,,,,,,,2023-05-30 15:52:00+02:00
323,27.350000381469727,27.350000381469727,27.350000381469727,27.350000381469727,27.350000381469727,106,,,,,,,,2023-05-30 15:54:00+02:00
324,27.350000381469727,27.350000381469727,27.350000381469727,27.350000381469727,27.350000381469727,1844,,,,,,,,2023-05-30 15:55:00+02:00
325,27.350000381469727,27.350000381469727,27.309999465942383,27.34000015258789,27.34000015258789,10240,,,,,,,,2023-05-30 15:56:00+02:00
326,27.34000015258789,27.34000015258789,27.34000015258789,27.34000015258789,27.34000015258789,500,,,,,,,,2023-05-30 15:57:00+02:00
327,27.329999923706055,27.350000381469727,27.329999923706055,27.350000381469727,27.350000381469727,584,,,,,,,,2023-05-30 15:58:00+02:00
328,27.350000381469727,27.350000381469727,27.350000381469727,27.350000381469727,27.350000381469727,449,,,,,,,,2023-05-30 15:59:00+02:00
329,27.350000381469727,27.350000381469727,27.350000381469727,27.350000381469727,27.350000381469727,1287,,,,,,,,2023-05-30 16:00:00+02:00
330,27.34000015258789,27.34000015258789,27.34000015258789,27.34000015258789,27.34000015258789,615,,,,,,,,2023-05-30 16:01:00+02:00
331,27.350000381469727,27.350000381469727,27.350000381469727,27.350000381469727,27.350000381469727,404,,,,,,,,2023-05-30 16:02:00+02:00
332,27.350000381469727,27.350000381469727,27.350000381469727,27.350000381469727,27.350000381469727,34,,,,,,,,2023-05-30 16:03:00+02:00
333,27.34000015258789,27.34000015258789,27.34000015258789,27.34000015258789,27.34000015258789,499,,,,,,,,2023-05-30 16:04:00+02:00
334,27.329999923706055,27.329999923706055,27.31999969482422,27.31999969482422,27.31999969482422,1893,,,,,,,,2023-05-30 16:05:00+02:00
335,27.329999923706055,27.329999923706055,27.329999923706055,27.329999923706055,27.329999923706055,957,,,,,,,,2023-05-30 16:07:00+02:00
336,27.31999969482422,27.31999969482422,27.280000686645508,27.280000686645508,27.280000686645508,4523,,,,,,,,2023-05-30 16:08:00+02:00
337,27.270000457763672,27.280000686645508,27.270000457763672,27.280000686645508,27.280000686645508,998,,,,,,,,2023-05-30 16:09:00+02:00
338,27.290000915527344,27.290000915527344,27.290000915527344,27.290000915527344,27.290000915527344,1032,,,,,,,,2023-05-30 16:10:00+02:00
339,27.280000686645508,27.280000686645508,27.280000686645508,27.280000686645508,27.280000686645508,711,,,,,,,,2023-05-30 16:11:00+02:00
340,27.270000457763672,27.280000686645508,27.270000457763672,27.270000457763672,27.270000457763672,1293,,,,,,,,2023-05-30 16:12:00+02:00
341,27.280000686645508,27.290000915527344,27.280000686645508,27.290000915527344,27.290000915527344,1708,,,,,,,,2023-05-30 16:13:00+02:00
342,27.299999237060547,27.299999237060547,27.299999237060547,27.299999237060547,27.299999237060547,468,,,,,,,,2023-05-30 16:14:00+02:00
343,27.299999237060547,27.299999237060547,27.270000457763672,27.270000457763672,27.270000457763672,7491,,,,,,,,2023-05-30 16:15:00+02:00
344,27.280000686645508,27.290000915527344,27.270000457763672,27.290000915527344,27.290000915527344,871,,,,,,,,2023-05-30 16:16:00+02:00
345,27.290000915527344,27.34000015258789,27.290000915527344,27.34000015258789,27.34000015258789,9944,,,,,,,,2023-05-30 16:17:00+02:00
346,27.350000381469727,27.350000381469727,27.350000381469727,27.350000381469727,27.350000381469727,570,,,,,,,,2023-05-30 16:18:00+02:00
347,27.34000015258789,27.350000381469727,27.34000015258789,27.350000381469727,27.350000381469727,3601,,,,,,,,2023-05-30 16:19:00+02:00
348,27.350000381469727,27.3700008392334,27.350000381469727,27.360000610351562,27.360000610351562,4590,,,,,,,,2023-05-30 16:20:00+02:00
349,27.360000610351562,27.360000610351562,27.360000610351562,27.360000610351562,27.360000610351562,1258,,,,,,,,2023-05-30 16:21:00+02:00
350,27.360000610351562,27.360000610351562,27.34000015258789,27.34000015258789,27.34000015258789,3542,,,,,,,,2023-05-30 16:22:00+02:00
351,27.329999923706055,27.329999923706055,27.329999923706055,27.329999923706055,27.329999923706055,2297,,,,,,,,2023-05-30 16:23:00+02:00
352,27.34000015258789,27.34000015258789,27.31999969482422,27.31999969482422,27.31999969482422,2246,,,,,,,,2023-05-30 16:24:00+02:00
353,27.31999969482422,27.31999969482422,27.309999465942383,27.31999969482422,27.31999969482422,780,,,,,,,,2023-05-30 16:25:00+02:00
354,27.309999465942383,27.309999465942383,27.309999465942383,27.309999465942383,27.309999465942383,141,,,,,,,,2023-05-30 16:27:00+02:00
355,27.299999237060547,27.299999237060547,27.299999237060547,27.299999237060547,27.299999237060547,242,,,,,,,,2023-05-30 16:28:00+02:00
356,27.290000915527344,27.290000915527344,27.290000915527344,27.290000915527344,27.290000915527344,388,,,,,,,,2023-05-30 16:29:00+02:00
357,27.290000915527344,27.299999237060547,27.290000915527344,27.299999237060547,27.299999237060547,448,,,,,,,,2023-05-30 16:30:00+02:00
358,27.309999465942383,27.31999969482422,27.309999465942383,27.309999465942383,27.309999465942383,2311,,,,,,,,2023-05-30 16:31:00+02:00
359,27.31999969482422,27.31999969482422,27.309999465942383,27.31999969482422,27.31999969482422,3413,,,,,,,,2023-05-30 16:32:00+02:00
360,27.309999465942383,27.309999465942383,27.299999237060547,27.299999237060547,27.299999237060547,424,,,,,,,,2023-05-30 16:33:00+02:00
361,27.290000915527344,27.290000915527344,27.280000686645508,27.280000686645508,27.280000686645508,337,,,,,,,,2023-05-30 16:35:00+02:00
362,27.280000686645508,27.280000686645508,27.260000228881836,27.260000228881836,27.260000228881836,1069,,,,,,,,2023-05-30 16:36:00+02:00
363,27.260000228881836,27.260000228881836,27.25,27.260000228881836,27.260000228881836,1762,,,,,,,,2023-05-30 16:37:00+02:00
364,27.270000457763672,27.270000457763672,27.270000457763672,27.270000457763672,27.270000457763672,36,,,,,,,,2023-05-30 16:38:00+02:00
365,27.270000457763672,27.270000457763672,27.270000457763672,27.270000457763672,27.270000457763672,55,,,,,,,,2023-05-30 16:39:00+02:00
366,27.25,27.25,27.25,27.25,27.25,662,,,,,,,,2023-05-30 16:43:00+02:00
367,27.25,27.25,27.25,27.25,27.25,2172,,,,,,,,2023-05-30 16:44:00+02:00
368,27.25,27.25,27.25,27.25,27.25,1588,,,,,,,,2023-05-30 16:45:00+02:00
369,27.25,27.25,27.25,27.25,27.25,8,,,,,,,,2023-05-30 16:46:00+02:00
370,27.239999771118164,27.239999771118164,27.239999771118164,27.239999771118164,27.239999771118164,3702,,,,,,,,2023-05-30 16:47:00+02:00
371,27.229999542236328,27.229999542236328,27.229999542236328,27.229999542236328,27.229999542236328,2163,,,,,,,,2023-05-30 16:48:00+02:00
372,27.239999771118164,27.260000228881836,27.239999771118164,27.260000228881836,27.260000228881836,1079,,,,,,,,2023-05-30 16:49:00+02:00
373,27.260000228881836,27.260000228881836,27.260000228881836,27.260000228881836,27.260000228881836,17,,,,,,,,2023-05-30 16:50:00+02:00
374,27.270000457763672,27.270000457763672,27.270000457763672,27.270000457763672,27.270000457763672,100,,,,,,,,2023-05-30 16:51:00+02:00
375,27.239999771118164,27.25,27.239999771118164,27.25,27.25,5584,,,,,,,,2023-05-30 16:54:00+02:00
376,27.239999771118164,27.239999771118164,27.239999771118164,27.239999771118164,27.239999771118164,222,,,,,,,,2023-05-30 16:55:00+02:00
377,27.239999771118164,27.239999771118164,27.239999771118164,27.239999771118164,27.239999771118164,436,,,,,,,,2023-05-30 16:56:00+02:00
378,27.239999771118164,27.239999771118164,27.229999542236328,27.229999542236328,27.229999542236328,1420,,,,,,,,2023-05-30 16:57:00+02:00
379,27.229999542236328,27.229999542236328,27.229999542236328,27.229999542236328,27.229999542236328,1820,,,,,,,,2023-05-30 16:59:00+02:00
380,27.219999313354492,27.229999542236328,27.219999313354492,27.229999542236328,27.229999542236328,2095,,,,,,,,2023-05-30 17:00:00+02:00
381,27.239999771118164,27.260000228881836,27.239999771118164,27.260000228881836,27.260000228881836,6411,,,,,,,,2023-05-30 17:02:00+02:00
382,27.260000228881836,27.260000228881836,27.239999771118164,27.239999771118164,27.239999771118164,1176,,,,,,,,2023-05-30 17:03:00+02:00
383,27.239999771118164,27.239999771118164,27.229999542236328,27.229999542236328,27.229999542236328,1597,,,,,,,,2023-05-30 17:04:00+02:00
384,27.229999542236328,27.229999542236328,27.229999542236328,27.229999542236328,27.229999542236328,349,,,,,,,,2023-05-30 17:05:00+02:00
385,27.229999542236328,27.229999542236328,27.229999542236328,27.229999542236328,27.229999542236328,1450,,,,,,,,2023-05-30 17:06:00+02:00
386,27.239999771118164,27.239999771118164,27.219999313354492,27.219999313354492,27.219999313354492,973,,,,,,,,2023-05-30 17:07:00+02:00
387,27.209999084472656,27.219999313354492,27.209999084472656,27.219999313354492,27.219999313354492,949,,,,,,,,2023-05-30 17:08:00+02:00
388,27.219999313354492,27.219999313354492,27.209999084472656,27.209999084472656,27.209999084472656,2209,,,,,,,,2023-05-30 17:09:00+02:00
389,27.209999084472656,27.209999084472656,27.209999084472656,27.209999084472656,27.209999084472656,182,,,,,,,,2023-05-30 17:10:00+02:00
390,27.190000534057617,27.190000534057617,27.190000534057617,27.190000534057617,27.190000534057617,0,,,,,,,,2023-05-30 17:11:00+02:00
391,27.18000030517578,27.18000030517578,27.18000030517578,27.18000030517578,27.18000030517578,474390,,,,,,,,2023-05-30 17:12:00+02:00
392,27.190000534057617,27.190000534057617,27.190000534057617,27.190000534057617,27.190000534057617,2936,,,,,,,,2023-05-30 17:13:00+02:00
393,27.200000762939453,27.200000762939453,27.200000762939453,27.200000762939453,27.200000762939453,2009,,,,,,,,2023-05-30 17:14:00+02:00
394,27.200000762939453,27.200000762939453,27.18000030517578,27.18000030517578,27.18000030517578,5393,,,,,,,,2023-05-30 17:15:00+02:00
395,27.18000030517578,27.18000030517578,27.18000030517578,27.18000030517578,27.18000030517578,2251,,,,,,,,2023-05-30 17:16:00+02:00
396,27.190000534057617,27.190000534057617,27.18000030517578,27.190000534057617,27.190000534057617,4462,,,,,,,,2023-05-30 17:17:00+02:00
397,27.18000030517578,27.190000534057617,27.18000030517578,27.190000534057617,27.190000534057617,1052,,,,,,,,2023-05-30 17:18:00+02:00
398,27.190000534057617,27.190000534057617,27.190000534057617,27.190000534057617,27.190000534057617,6099,,,,,,,,2023-05-30 17:19:00+02:00
399,27.190000534057617,27.190000534057617,27.18000030517578,27.18000030517578,27.18000030517578,4048,,,,,,,,2023-05-30 17:20:00+02:00
400,27.170000076293945,27.18000030517578,27.15999984741211,27.15999984741211,27.15999984741211,2494,,,,,,,,2023-05-30 17:21:00+02:00
401,27.170000076293945,27.170000076293945,27.170000076293945,27.170000076293945,27.170000076293945,4619,,,,,,,,2023-05-30 17:22:00+02:00
402,27.170000076293945,27.18000030517578,27.170000076293945,27.170000076293945,27.170000076293945,3878,,,,,,,,2023-05-30 17:23:00+02:00
403,27.18000030517578,27.18000030517578,27.170000076293945,27.170000076293945,27.170000076293945,3637,,,,,,,,2023-05-30 17:24:00+02:00
404,27.18000030517578,27.18000030517578,27.18000030517578,27.18000030517578,27.18000030517578,368,,,,,,,,2023-05-30 17:25:00+02:00
405,27.170000076293945,27.170000076293945,27.170000076293945,27.170000076293945,27.170000076293945,614,,,,,,,,2023-05-30 17:26:00+02:00
406,27.170000076293945,27.170000076293945,27.15999984741211,27.15999984741211,27.15999984741211,2466,,,,,,,,2023-05-30 17:27:00+02:00
407,27.149999618530273,27.170000076293945,27.149999618530273,27.15999984741211,27.15999984741211,4603,,,,,,,,2023-05-30 17:28:00+02:00
408,27.170000076293945,27.170000076293945,27.15999984741211,27.170000076293945,27.170000076293945,7940,,,,,,,,2023-05-30 17:29:00+02:00
