Date,Open,High,Low,Close,Adj Close,Volume,Date.1,Date.2,Date.3,Date.4,Date.5,Date.6,Date
0,28.989999771118164,29.13999938964844,28.90999984741211,29.020000457763672,29.020000457763672,217501,2023-05-24 09:30:00-04:00,,,,,,
1,28.969999313354492,29.079999923706055,28.93000030517578,28.998699188232422,28.998699188232422,128468,,,,,,,2023-05-30 09:30:00-04:00
2,29.020000457763672,29.06999969482422,28.86359977722168,28.86359977722168,28.86359977722168,28962,,,,,,,2023-05-30 09:31:00-04:00
3,28.860000610351562,29.239999771118164,28.829999923706055,29.149999618530273,29.149999618530273,63221,,,,,,,2023-05-30 09:32:00-04:00
4,29.1299991607666,29.15999984741211,28.8700008392334,28.894800186157227,28.894800186157227,42293,,,,,,,2023-05-30 09:33:00-04:00
5,28.8799991607666,28.920000076293945,28.75,28.780099868774414,28.780099868774414,17473,,,,,,,2023-05-30 09:34:00-04:00
6,28.860000610351562,28.889999389648438,28.739999771118164,28.860000610351562,28.860000610351562,31857,,,,,,,2023-05-30 09:35:00-04:00
7,28.84000015258789,28.899999618530273,28.700000762939453,28.700000762939453,28.700000762939453,41703,,,,,,,2023-05-30 09:36:00-04:00
8,28.68000030517578,28.809999465942383,28.62339973449707,28.687599182128906,28.687599182128906,48260,,,,,,,2023-05-30 09:37:00-04:00
9,28.65999984741211,28.700000762939453,28.540000915527344,28.579999923706055,28.579999923706055,36896,,,,,,,2023-05-30 09:38:00-04:00
10,28.594999313354492,28.594999313354492,28.3799991607666,28.540000915527344,28.540000915527344,12733,,,,,,,2023-05-30 09:39:00-04:00
11,28.489999771118164,28.489999771118164,28.09000015258789,28.129100799560547,28.129100799560547,30364,,,,,,,2023-05-30 09:40:00-04:00
12,28.1299991607666,28.239999771118164,28.020000457763672,28.19499969482422,28.19499969482422,19885,,,,,,,2023-05-30 09:41:00-04:00
13,28.199800491333008,28.270000457763672,28.18000030517578,28.209999084472656,28.209999084472656,25605,,,,,,,2023-05-30 09:42:00-04:00
14,28.209999084472656,28.219999313354492,28.09000015258789,28.1200008392334,28.1200008392334,19855,,,,,,,2023-05-30 09:43:00-04:00
15,28.12030029296875,28.149999618530273,28.030000686645508,28.104999542236328,28.104999542236328,8139,,,,,,,2023-05-30 09:44:00-04:00
16,28.06999969482422,28.09000015258789,27.799999237060547,27.84000015258789,27.84000015258789,67249,,,,,,,2023-05-30 09:45:00-04:00
17,27.85610008239746,28.100000381469727,27.85610008239746,28.040000915527344,28.040000915527344,21281,,,,,,,2023-05-30 09:46:00-04:00
18,28.06999969482422,28.094999313354492,27.989999771118164,27.989999771118164,27.989999771118164,15000,,,,,,,2023-05-30 09:47:00-04:00
19,27.989900588989258,28.030000686645508,27.864999771118164,27.864999771118164,27.864999771118164,41400,,,,,,,2023-05-30 09:48:00-04:00
20,27.895000457763672,27.979999542236328,27.8799991607666,27.959999084472656,27.959999084472656,16188,,,,,,,2023-05-30 09:49:00-04:00
21,28.0,28.229999542236328,27.989999771118164,28.229999542236328,28.229999542236328,30665,,,,,,,2023-05-30 09:50:00-04:00
22,28.25,28.260000228881836,28.190000534057617,28.219999313354492,28.219999313354492,12171,,,,,,,2023-05-30 09:51:00-04:00
23,28.229999542236328,28.3799991607666,28.209999084472656,28.3799991607666,28.3799991607666,4497,,,,,,,2023-05-30 09:52:00-04:00
24,28.40999984741211,28.469999313354492,28.239999771118164,28.280000686645508,28.280000686645508,16023,,,,,,,2023-05-30 09:53:00-04:00
25,28.18000030517578,28.219999313354492,28.1299991607666,28.190000534057617,28.190000534057617,3710,,,,,,,2023-05-30 09:54:00-04:00
26,28.260000228881836,28.260000228881836,28.094999313354492,28.1200008392334,28.1200008392334,28206,,,,,,,2023-05-30 09:55:00-04:00
27,28.110000610351562,28.110000610351562,27.959999084472656,28.059999465942383,28.059999465942383,16720,,,,,,,2023-05-30 09:56:00-04:00
28,28.06999969482422,28.079999923706055,27.959999084472656,28.06999969482422,28.06999969482422,43492,,,,,,,2023-05-30 09:57:00-04:00
29,28.09000015258789,28.239999771118164,28.09000015258789,28.239999771118164,28.239999771118164,11775,,,,,,,2023-05-30 09:58:00-04:00
30,28.308500289916992,28.389999389648438,28.209999084472656,28.389999389648438,28.389999389648438,46616,,,,,,,2023-05-30 09:59:00-04:00
31,28.440000534057617,28.440000534057617,28.34000015258789,28.3799991607666,28.3799991607666,14381,,,,,,,2023-05-30 10:00:00-04:00
32,28.360000610351562,28.3799991607666,28.309999465942383,28.329999923706055,28.329999923706055,11238,,,,,,,2023-05-30 10:01:00-04:00
33,28.329999923706055,28.3700008392334,28.215700149536133,28.215700149536133,28.215700149536133,11684,,,,,,,2023-05-30 10:02:00-04:00
34,28.184999465942383,28.290000915527344,28.170000076293945,28.190000534057617,28.190000534057617,6001,,,,,,,2023-05-30 10:03:00-04:00
35,28.190000534057617,28.200000762939453,28.110000610351562,28.1200008392334,28.1200008392334,5096,,,,,,,2023-05-30 10:04:00-04:00
36,28.100000381469727,28.100000381469727,28.0,28.0,28.0,9262,,,,,,,2023-05-30 10:05:00-04:00
37,28.020000457763672,28.229999542236328,28.020000457763672,28.229999542236328,28.229999542236328,16700,,,,,,,2023-05-30 10:06:00-04:00
38,28.259899139404297,28.290000915527344,28.209999084472656,28.260000228881836,28.260000228881836,18106,,,,,,,2023-05-30 10:07:00-04:00
39,28.229999542236328,28.280000686645508,28.229999542236328,28.270000457763672,28.270000457763672,11271,,,,,,,2023-05-30 10:08:00-04:00
40,28.260000228881836,28.3799991607666,28.219999313354492,28.329999923706055,28.329999923706055,19399,,,,,,,2023-05-30 10:09:00-04:00
41,28.350000381469727,28.440000534057617,28.350000381469727,28.360000610351562,28.360000610351562,5212,,,,,,,2023-05-30 10:10:00-04:00
42,28.34000015258789,28.43000030517578,28.329999923706055,28.3700008392334,28.3700008392334,4247,,,,,,,2023-05-30 10:11:00-04:00
43,28.3700008392334,28.40999984741211,28.360000610351562,28.40999984741211,28.40999984741211,3738,,,,,,,2023-05-30 10:12:00-04:00
44,28.40999984741211,28.6299991607666,28.40999984741211,28.520000457763672,28.520000457763672,19011,,,,,,,2023-05-30 10:13:00-04:00
45,28.520000457763672,28.536300659179688,28.3700008392334,28.440000534057617,28.440000534057617,13394,,,,,,,2023-05-30 10:14:00-04:00
46,28.450000762939453,28.498300552368164,28.450000762939453,28.459999084472656,28.459999084472656,8538,,,,,,,2023-05-30 10:15:00-04:00
47,28.479999542236328,28.56999969482422,28.479999542236328,28.53499984741211,28.53499984741211,7265,,,,,,,2023-05-30 10:16:00-04:00
48,28.559999465942383,28.639999389648438,28.559999465942383,28.6299991607666,28.6299991607666,2910,,,,,,,2023-05-30 10:17:00-04:00
49,28.639999389648438,28.65999984741211,28.56999969482422,28.56999969482422,28.56999969482422,5705,,,,,,,2023-05-30 10:18:00-04:00
50,28.56999969482422,28.59000015258789,28.56999969482422,28.59000015258789,28.59000015258789,2090,,,,,,,2023-05-30 10:19:00-04:00
51,28.6200008392334,28.649999618530273,28.613300323486328,28.639999389648438,28.639999389648438,7413,,,,,,,2023-05-30 10:20:00-04:00
52,28.65999984741211,28.65999984741211,28.549999237060547,28.549999237060547,28.549999237060547,8368,,,,,,,2023-05-30 10:21:00-04:00
53,28.559999465942383,28.573200225830078,28.44499969482422,28.454999923706055,28.454999923706055,9158,,,,,,,2023-05-30 10:22:00-04:00
54,28.479999542236328,28.479999542236328,28.389999389648438,28.40999984741211,28.40999984741211,7202,,,,,,,2023-05-30 10:23:00-04:00
55,28.420000076293945,28.510000228881836,28.3799991607666,28.399999618530273,28.399999618530273,14344,,,,,,,2023-05-30 10:24:00-04:00
56,28.415000915527344,28.420000076293945,28.31999969482422,28.329999923706055,28.329999923706055,6444,,,,,,,2023-05-30 10:25:00-04:00
57,28.299999237060547,28.329999923706055,28.260000228881836,28.290000915527344,28.290000915527344,8919,,,,,,,2023-05-30 10:26:00-04:00
58,28.290000915527344,28.290000915527344,28.25,28.290000915527344,28.290000915527344,5992,,,,,,,2023-05-30 10:27:00-04:00
59,28.25,28.299999237060547,28.209999084472656,28.229999542236328,28.229999542236328,17112,,,,,,,2023-05-30 10:28:00-04:00
60,28.209999084472656,28.299999237060547,28.190000534057617,28.277700424194336,28.277700424194336,16927,,,,,,,2023-05-30 10:29:00-04:00
61,28.28499984741211,28.33609962463379,28.229999542236328,28.33609962463379,28.33609962463379,9369,,,,,,,2023-05-30 10:30:00-04:00
62,28.31999969482422,28.459999084472656,28.309999465942383,28.459999084472656,28.459999084472656,8788,,,,,,,2023-05-30 10:31:00-04:00
63,28.399999618530273,28.450000762939453,28.350000381469727,28.450000762939453,28.450000762939453,5602,,,,,,,2023-05-30 10:32:00-04:00
64,28.44219970703125,28.44219970703125,28.299999237060547,28.299999237060547,28.299999237060547,9594,,,,,,,2023-05-30 10:33:00-04:00
65,28.290000915527344,28.329999923706055,28.270000457763672,28.329999923706055,28.329999923706055,3436,,,,,,,2023-05-30 10:34:00-04:00
66,28.329999923706055,28.3799991607666,28.299999237060547,28.33799934387207,28.33799934387207,12479,,,,,,,2023-05-30 10:35:00-04:00
67,28.34000015258789,28.43000030517578,28.34000015258789,28.43000030517578,28.43000030517578,6766,,,,,,,2023-05-30 10:36:00-04:00
68,28.420000076293945,28.489999771118164,28.389999389648438,28.489999771118164,28.489999771118164,25908,,,,,,,2023-05-30 10:37:00-04:00
69,28.479999542236328,28.510000228881836,28.440399169921875,28.489999771118164,28.489999771118164,13938,,,,,,,2023-05-30 10:38:00-04:00
70,28.489999771118164,28.549999237060547,28.469999313354492,28.5049991607666,28.5049991607666,12303,,,,,,,2023-05-30 10:39:00-04:00
71,28.489999771118164,28.520000457763672,28.469999313354492,28.48889923095703,28.48889923095703,9267,,,,,,,2023-05-30 10:40:00-04:00
72,28.489999771118164,28.610000610351562,28.489999771118164,28.604999542236328,28.604999542236328,7113,,,,,,,2023-05-30 10:41:00-04:00
73,28.600000381469727,28.600000381469727,28.559999465942383,28.579999923706055,28.579999923706055,5947,,,,,,,2023-05-30 10:42:00-04:00
74,28.59000015258789,28.65999984741211,28.56999969482422,28.649999618530273,28.649999618530273,9363,,,,,,,2023-05-30 10:43:00-04:00
75,28.655000686645508,28.690000534057617,28.559999465942383,28.670000076293945,28.670000076293945,15091,,,,,,,2023-05-30 10:44:00-04:00
76,28.65999984741211,28.729999542236328,28.6299991607666,28.729999542236328,28.729999542236328,10846,,,,,,,2023-05-30 10:45:00-04:00
77,28.709999084472656,28.780000686645508,28.700000762939453,28.700000762939453,28.700000762939453,13070,,,,,,,2023-05-30 10:46:00-04:00
78,28.709999084472656,28.719999313354492,28.579999923706055,28.649999618530273,28.649999618530273,11886,,,,,,,2023-05-30 10:47:00-04:00
79,28.649999618530273,28.649999618530273,28.56999969482422,28.610000610351562,28.610000610351562,6763,,,,,,,2023-05-30 10:48:00-04:00
80,28.610000610351562,28.670000076293945,28.600000381469727,28.65999984741211,28.65999984741211,7909,,,,,,,2023-05-30 10:49:00-04:00
81,28.639999389648438,28.719999313354492,28.63279914855957,28.700000762939453,28.700000762939453,6904,,,,,,,2023-05-30 10:50:00-04:00
82,28.700000762939453,28.700000762939453,28.6299991607666,28.6299991607666,28.6299991607666,5095,,,,,,,2023-05-30 10:51:00-04:00
83,28.690000534057617,28.729999542236328,28.690000534057617,28.709999084472656,28.709999084472656,19417,,,,,,,2023-05-30 10:53:00-04:00
84,28.700000762939453,28.739999771118164,28.649999618530273,28.670000076293945,28.670000076293945,13333,,,,,,,2023-05-30 10:54:00-04:00
85,28.68000030517578,28.690000534057617,28.6299991607666,28.639999389648438,28.639999389648438,9299,,,,,,,2023-05-30 10:55:00-04:00
86,28.649999618530273,28.700000762939453,28.6200008392334,28.6200008392334,28.6200008392334,4766,,,,,,,2023-05-30 10:56:00-04:00
87,28.610000610351562,28.6299991607666,28.540000915527344,28.56999969482422,28.56999969482422,11207,,,,,,,2023-05-30 10:57:00-04:00
88,28.639999389648438,28.690000534057617,28.6299991607666,28.690000534057617,28.690000534057617,8948,,,,,,,2023-05-30 10:58:00-04:00
89,28.690000534057617,28.690000534057617,28.600000381469727,28.610000610351562,28.610000610351562,11086,,,,,,,2023-05-30 10:59:00-04:00
90,28.610000610351562,28.610000610351562,28.610000610351562,28.610000610351562,28.610000610351562,9999,,,,,,,2023-05-30 11:01:00-04:00
91,28.6200008392334,28.700000762939453,28.6200008392334,28.6830997467041,28.6830997467041,2121,,,,,,,2023-05-30 11:02:00-04:00
92,28.69499969482422,28.739999771118164,28.69499969482422,28.729900360107422,28.729900360107422,10282,,,,,,,2023-05-30 11:03:00-04:00
93,28.739999771118164,28.75,28.65999984741211,28.65999984741211,28.65999984741211,16271,,,,,,,2023-05-30 11:04:00-04:00
94,28.674999237060547,28.690000534057617,28.6299991607666,28.690000534057617,28.690000534057617,15928,,,,,,,2023-05-30 11:05:00-04:00
95,28.690000534057617,28.709999084472656,28.670000076293945,28.670000076293945,28.670000076293945,9724,,,,,,,2023-05-30 11:06:00-04:00
96,28.690000534057617,28.690000534057617,28.659000396728516,28.65999984741211,28.65999984741211,2319,,,,,,,2023-05-30 11:07:00-04:00
97,28.655000686645508,28.655000686645508,28.520000457763672,28.520000457763672,28.520000457763672,9156,,,,,,,2023-05-30 11:08:00-04:00
98,28.520000457763672,28.530000686645508,28.5,28.5,28.5,1985,,,,,,,2023-05-30 11:09:00-04:00
99,28.489999771118164,28.5,28.479999542236328,28.479999542236328,28.479999542236328,2009,,,,,,,2023-05-30 11:10:00-04:00
100,28.450000762939453,28.450000762939453,28.43000030517578,28.43000030517578,28.43000030517578,35050,,,,,,,2023-05-30 11:12:00-04:00
101,28.420000076293945,28.489999771118164,28.40999984741211,28.469999313354492,28.469999313354492,5447,,,,,,,2023-05-30 11:13:00-04:00
102,28.489999771118164,28.489999771118164,28.459999084472656,28.459999084472656,28.459999084472656,1774,,,,,,,2023-05-30 11:14:00-04:00
103,28.469999313354492,28.5049991607666,28.440000534057617,28.440000534057617,28.440000534057617,6352,,,,,,,2023-05-30 11:15:00-04:00
104,28.424999237060547,28.424999237060547,28.360000610351562,28.399999618530273,28.399999618530273,7736,,,,,,,2023-05-30 11:16:00-04:00
105,28.40999984741211,28.454999923706055,28.40999984741211,28.454999923706055,28.454999923706055,7746,,,,,,,2023-05-30 11:17:00-04:00
106,28.459999084472656,28.479999542236328,28.399999618530273,28.399999618530273,28.399999618530273,11536,,,,,,,2023-05-30 11:18:00-04:00
107,28.415599822998047,28.415599822998047,28.389999389648438,28.40999984741211,28.40999984741211,3506,,,,,,,2023-05-30 11:19:00-04:00
108,28.389999389648438,28.40999984741211,28.31999969482422,28.33989906311035,28.33989906311035,20676,,,,,,,2023-05-30 11:20:00-04:00
109,28.329999923706055,28.354999542236328,28.31999969482422,28.350099563598633,28.350099563598633,2736,,,,,,,2023-05-30 11:21:00-04:00
110,28.34000015258789,28.34000015258789,28.299999237060547,28.31999969482422,28.31999969482422,11809,,,,,,,2023-05-30 11:22:00-04:00
111,28.31999969482422,28.329999923706055,28.260000228881836,28.299999237060547,28.299999237060547,15774,,,,,,,2023-05-30 11:23:00-04:00
112,28.299999237060547,28.30500030517578,28.290000915527344,28.299999237060547,28.299999237060547,1383,,,,,,,2023-05-30 11:24:00-04:00
113,28.290000915527344,28.360000610351562,28.209999084472656,28.209999084472656,28.209999084472656,14678,,,,,,,2023-05-30 11:25:00-04:00
114,28.209999084472656,28.260000228881836,28.200000762939453,28.200000762939453,28.200000762939453,7095,,,,,,,2023-05-30 11:26:00-04:00
115,28.209999084472656,28.290000915527344,28.200000762939453,28.290000915527344,28.290000915527344,12070,,,,,,,2023-05-30 11:27:00-04:00
116,28.290000915527344,28.325000762939453,28.280000686645508,28.309999465942383,28.309999465942383,11499,,,,,,,2023-05-30 11:28:00-04:00
117,28.31999969482422,28.3799991607666,28.309999465942383,28.360000610351562,28.360000610351562,6924,,,,,,,2023-05-30 11:29:00-04:00
118,28.344999313354492,28.3799991607666,28.34000015258789,28.360000610351562,28.360000610351562,8047,,,,,,,2023-05-30 11:30:00-04:00
119,28.360000610351562,28.440000534057617,28.360000610351562,28.415000915527344,28.415000915527344,12495,,,,,,,2023-05-30 11:31:00-04:00
120,28.420000076293945,28.420000076293945,28.377700805664062,28.377700805664062,28.377700805664062,6229,,,,,,,2023-05-30 11:32:00-04:00
121,28.3700008392334,28.3700008392334,28.31999969482422,28.34000015258789,28.34000015258789,4852,,,,,,,2023-05-30 11:33:00-04:00
122,28.329999923706055,28.3799991607666,28.329999923706055,28.3799991607666,28.3799991607666,2053,,,,,,,2023-05-30 11:34:00-04:00
123,28.37310028076172,28.40920066833496,28.3700008392334,28.389999389648438,28.389999389648438,6902,,,,,,,2023-05-30 11:35:00-04:00
124,28.3700008392334,28.3799991607666,28.34000015258789,28.36280059814453,28.36280059814453,4933,,,,,,,2023-05-30 11:36:00-04:00
125,28.360000610351562,28.3700008392334,28.31999969482422,28.350000381469727,28.350000381469727,11080,,,,,,,2023-05-30 11:37:00-04:00
126,28.34000015258789,28.40999984741211,28.329999923706055,28.40999984741211,28.40999984741211,2985,,,,,,,2023-05-30 11:38:00-04:00
127,28.420000076293945,28.479999542236328,28.389999389648438,28.479999542236328,28.479999542236328,13811,,,,,,,2023-05-30 11:39:00-04:00
128,28.479999542236328,28.510000228881836,28.451400756835938,28.510000228881836,28.510000228881836,10230,,,,,,,2023-05-30 11:40:00-04:00
129,28.510000228881836,28.520000457763672,28.5,28.51889991760254,28.51889991760254,4251,,,,,,,2023-05-30 11:41:00-04:00
130,28.510000228881836,28.530000686645508,28.506099700927734,28.520000457763672,28.520000457763672,5117,,,,,,,2023-05-30 11:42:00-04:00
131,28.530000686645508,28.559999465942383,28.52359962463379,28.559999465942383,28.559999465942383,14500,,,,,,,2023-05-30 11:43:00-04:00
132,28.549999237060547,28.56999969482422,28.489999771118164,28.489999771118164,28.489999771118164,7773,,,,,,,2023-05-30 11:44:00-04:00
133,28.479999542236328,28.479999542236328,28.43000030517578,28.469999313354492,28.469999313354492,3461,,,,,,,2023-05-30 11:45:00-04:00
134,28.466400146484375,28.559999465942383,28.459999084472656,28.540000915527344,28.540000915527344,5274,,,,,,,2023-05-30 11:46:00-04:00
135,28.540000915527344,28.540000915527344,28.520000457763672,28.532100677490234,28.532100677490234,2734,,,,,,,2023-05-30 11:47:00-04:00
136,28.530000686645508,28.53499984741211,28.510000228881836,28.520000457763672,28.520000457763672,2971,,,,,,,2023-05-30 11:48:00-04:00
137,28.519100189208984,28.549999237060547,28.493000030517578,28.510099411010742,28.510099411010742,6303,,,,,,,2023-05-30 11:49:00-04:00
138,28.520000457763672,28.520000457763672,28.485000610351562,28.485000610351562,28.485000610351562,4374,,,,,,,2023-05-30 11:50:00-04:00
139,28.489999771118164,28.489999771118164,28.479999542236328,28.489999771118164,28.489999771118164,2431,,,,,,,2023-05-30 11:51:00-04:00
140,28.5,28.579999923706055,28.5,28.56999969482422,28.56999969482422,2494,,,,,,,2023-05-30 11:52:00-04:00
141,28.559999465942383,28.6299991607666,28.540000915527344,28.610000610351562,28.610000610351562,4289,,,,,,,2023-05-30 11:53:00-04:00
142,28.600000381469727,28.639999389648438,28.600000381469727,28.639999389648438,28.639999389648438,3611,,,,,,,2023-05-30 11:54:00-04:00
143,28.6299991607666,28.649999618530273,28.6200008392334,28.639999389648438,28.639999389648438,9085,,,,,,,2023-05-30 11:55:00-04:00
144,28.639999389648438,28.700000762939453,28.639999389648438,28.670000076293945,28.670000076293945,5533,,,,,,,2023-05-30 11:56:00-04:00
145,28.68000030517578,28.68000030517578,28.65999984741211,28.670000076293945,28.670000076293945,5225,,,,,,,2023-05-30 11:57:00-04:00
146,28.66699981689453,28.66699981689453,28.56999969482422,28.59000015258789,28.59000015258789,8356,,,,,,,2023-05-30 11:58:00-04:00
147,28.6200008392334,28.649999618530273,28.6200008392334,28.635000228881836,28.635000228881836,4727,,,,,,,2023-05-30 11:59:00-04:00
148,28.6200008392334,28.670000076293945,28.6200008392334,28.651100158691406,28.651100158691406,1593,,,,,,,2023-05-30 12:00:00-04:00
149,28.690000534057617,28.704999923706055,28.649999618530273,28.649999618530273,28.649999618530273,3786,,,,,,,2023-05-30 12:01:00-04:00
150,28.649999618530273,28.649999618530273,28.6299991607666,28.635000228881836,28.635000228881836,2317,,,,,,,2023-05-30 12:02:00-04:00
151,28.648500442504883,28.670000076293945,28.6299991607666,28.670000076293945,28.670000076293945,5531,,,,,,,2023-05-30 12:03:00-04:00
152,28.65999984741211,28.670000076293945,28.639999389648438,28.655000686645508,28.655000686645508,3340,,,,,,,2023-05-30 12:04:00-04:00
153,28.649999618530273,28.649999618530273,28.58970069885254,28.58970069885254,28.58970069885254,9073,,,,,,,2023-05-30 12:05:00-04:00
154,28.59000015258789,28.610000610351562,28.579999923706055,28.610000610351562,28.610000610351562,2779,,,,,,,2023-05-30 12:06:00-04:00
155,28.6200008392334,28.699199676513672,28.6200008392334,28.699199676513672,28.699199676513672,2055,,,,,,,2023-05-30 12:07:00-04:00
156,28.709999084472656,28.75,28.709999084472656,28.729999542236328,28.729999542236328,3126,,,,,,,2023-05-30 12:08:00-04:00
157,28.719999313354492,28.790000915527344,28.709999084472656,28.760000228881836,28.760000228881836,20352,,,,,,,2023-05-30 12:09:00-04:00
158,28.75200080871582,28.790000915527344,28.739999771118164,28.75320053100586,28.75320053100586,2733,,,,,,,2023-05-30 12:10:00-04:00
159,28.758100509643555,28.790000915527344,28.75,28.780000686645508,28.780000686645508,10243,,,,,,,2023-05-30 12:11:00-04:00
160,28.774999618530273,28.799999237060547,28.735000610351562,28.75,28.75,8678,,,,,,,2023-05-30 12:12:00-04:00
161,28.73710060119629,28.739999771118164,28.688800811767578,28.739999771118164,28.739999771118164,5926,,,,,,,2023-05-30 12:13:00-04:00
162,28.719999313354492,28.739999771118164,28.719999313354492,28.728700637817383,28.728700637817383,1631,,,,,,,2023-05-30 12:14:00-04:00
163,28.739999771118164,28.815000534057617,28.729999542236328,28.809999465942383,28.809999465942383,3196,,,,,,,2023-05-30 12:15:00-04:00
164,28.81999969482422,28.829999923706055,28.81999969482422,28.81999969482422,28.81999969482422,5005,,,,,,,2023-05-30 12:16:00-04:00
165,28.809999465942383,28.81999969482422,28.7549991607666,28.780000686645508,28.780000686645508,4695,,,,,,,2023-05-30 12:17:00-04:00
166,28.780000686645508,28.780000686645508,28.729999542236328,28.729999542236328,28.729999542236328,2494,,,,,,,2023-05-30 12:18:00-04:00
167,28.75,28.829999923706055,28.75,28.809999465942383,28.809999465942383,2588,,,,,,,2023-05-30 12:19:00-04:00
168,28.809900283813477,28.829999923706055,28.809900283813477,28.818199157714844,28.818199157714844,5214,,,,,,,2023-05-30 12:20:00-04:00
169,28.809999465942383,28.829999923706055,28.799999237060547,28.829999923706055,28.829999923706055,6093,,,,,,,2023-05-30 12:21:00-04:00
170,28.818500518798828,28.84000015258789,28.770000457763672,28.780000686645508,28.780000686645508,7267,,,,,,,2023-05-30 12:22:00-04:00
171,28.770000457763672,28.799999237060547,28.770000457763672,28.770000457763672,28.770000457763672,2332,,,,,,,2023-05-30 12:23:00-04:00
172,28.790000915527344,28.829999923706055,28.790000915527344,28.829999923706055,28.829999923706055,7986,,,,,,,2023-05-30 12:24:00-04:00
173,28.850000381469727,28.850000381469727,28.829999923706055,28.849899291992188,28.849899291992188,4478,,,,,,,2023-05-30 12:25:00-04:00
174,28.829999923706055,28.940000534057617,28.829999923706055,28.915000915527344,28.915000915527344,26445,,,,,,,2023-05-30 12:26:00-04:00
175,28.93000030517578,28.9325008392334,28.8612003326416,28.875099182128906,28.875099182128906,5808,,,,,,,2023-05-30 12:27:00-04:00
176,28.8700008392334,28.889999389648438,28.860000610351562,28.860000610351562,28.860000610351562,1763,,,,,,,2023-05-30 12:28:00-04:00
177,28.860000610351562,28.860000610351562,28.850000381469727,28.859100341796875,28.859100341796875,2795,,,,,,,2023-05-30 12:29:00-04:00
178,28.850000381469727,28.898000717163086,28.84000015258789,28.8799991607666,28.8799991607666,6277,,,,,,,2023-05-30 12:30:00-04:00
179,28.81999969482422,28.81999969482422,28.81999969482422,28.81999969482422,28.81999969482422,3132,,,,,,,2023-05-30 12:31:00-04:00
180,28.829999923706055,28.829999923706055,28.760000228881836,28.760000228881836,28.760000228881836,9800,,,,,,,2023-05-30 12:32:00-04:00
181,28.764999389648438,28.799999237060547,28.760000228881836,28.799999237060547,28.799999237060547,5819,,,,,,,2023-05-30 12:33:00-04:00
182,28.809999465942383,28.809999465942383,28.7450008392334,28.760000228881836,28.760000228881836,34713,,,,,,,2023-05-30 12:34:00-04:00
183,28.774999618530273,28.81999969482422,28.770000457763672,28.770000457763672,28.770000457763672,2452,,,,,,,2023-05-30 12:35:00-04:00
184,28.760000228881836,28.760000228881836,28.670000076293945,28.700000762939453,28.700000762939453,7456,,,,,,,2023-05-30 12:36:00-04:00
185,28.709999084472656,28.709999084472656,28.6200008392334,28.6299991607666,28.6299991607666,8798,,,,,,,2023-05-30 12:37:00-04:00
186,28.6200008392334,28.6299991607666,28.594999313354492,28.594999313354492,28.594999313354492,19017,,,,,,,2023-05-30 12:38:00-04:00
187,28.600000381469727,28.610000610351562,28.584999084472656,28.59000015258789,28.59000015258789,5597,,,,,,,2023-05-30 12:39:00-04:00
188,28.59000015258789,28.6299991607666,28.584999084472656,28.614999771118164,28.614999771118164,5470,,,,,,,2023-05-30 12:40:00-04:00
189,28.614999771118164,28.614999771118164,28.559999465942383,28.56999969482422,28.56999969482422,5316,,,,,,,2023-05-30 12:41:00-04:00
190,28.56999969482422,28.600000381469727,28.559999465942383,28.600000381469727,28.600000381469727,6805,,,,,,,2023-05-30 12:42:00-04:00
191,28.600000381469727,28.600000381469727,28.559999465942383,28.59000015258789,28.59000015258789,1393,,,,,,,2023-05-30 12:43:00-04:00
192,28.595199584960938,28.610000610351562,28.559999465942383,28.56999969482422,28.56999969482422,5546,,,,,,,2023-05-30 12:44:00-04:00
193,28.56999969482422,28.600000381469727,28.56999969482422,28.600000381469727,28.600000381469727,3585,,,,,,,2023-05-30 12:45:00-04:00
194,28.59000015258789,28.600000381469727,28.59000015258789,28.600000381469727,28.600000381469727,711,,,,,,,2023-05-30 12:46:00-04:00
195,28.579999923706055,28.6299991607666,28.56999969482422,28.6299991607666,28.6299991607666,4500,,,,,,,2023-05-30 12:47:00-04:00
196,28.6299991607666,28.670000076293945,28.6299991607666,28.670000076293945,28.670000076293945,1164,,,,,,,2023-05-30 12:48:00-04:00
197,28.649999618530273,28.690000534057617,28.649999618530273,28.690000534057617,28.690000534057617,6061,,,,,,,2023-05-30 12:49:00-04:00
198,28.68000030517578,28.68000030517578,28.6299991607666,28.6299991607666,28.6299991607666,3346,,,,,,,2023-05-30 12:50:00-04:00
199,28.610000610351562,28.610000610351562,28.579999923706055,28.600000381469727,28.600000381469727,3142,,,,,,,2023-05-30 12:51:00-04:00
200,28.610000610351562,28.639999389648438,28.610000610351562,28.639999389648438,28.639999389648438,3201,,,,,,,2023-05-30 12:52:00-04:00
201,28.639999389648438,28.690000534057617,28.639999389648438,28.690000534057617,28.690000534057617,1595,,,,,,,2023-05-30 12:53:00-04:00
202,28.690000534057617,28.697500228881836,28.690000534057617,28.69499969482422,28.69499969482422,1636,,,,,,,2023-05-30 12:54:00-04:00
203,28.690000534057617,28.69499969482422,28.68000030517578,28.690000534057617,28.690000534057617,3290,,,,,,,2023-05-30 12:55:00-04:00
204,28.68000030517578,28.709999084472656,28.67970085144043,28.709999084472656,28.709999084472656,4228,,,,,,,2023-05-30 12:56:00-04:00
205,28.702699661254883,28.79450035095215,28.702699661254883,28.780000686645508,28.780000686645508,14404,,,,,,,2023-05-30 12:57:00-04:00
206,28.79669952392578,28.809999465942383,28.770000457763672,28.770000457763672,28.770000457763672,6361,,,,,,,2023-05-30 12:58:00-04:00
207,28.77680015563965,28.81999969482422,28.77680015563965,28.78190040588379,28.78190040588379,6506,,,,,,,2023-05-30 12:59:00-04:00
208,28.799999237060547,28.799999237060547,28.780000686645508,28.780000686645508,28.780000686645508,1091,,,,,,,2023-05-30 13:00:00-04:00
209,28.799999237060547,28.809999465942383,28.78499984741211,28.78499984741211,28.78499984741211,7129,,,,,,,2023-05-30 13:01:00-04:00
210,28.78499984741211,28.799999237060547,28.78499984741211,28.790000915527344,28.790000915527344,9816,,,,,,,2023-05-30 13:02:00-04:00
211,28.78499984741211,28.799999237060547,28.729999542236328,28.729999542236328,28.729999542236328,10053,,,,,,,2023-05-30 13:03:00-04:00
212,28.729999542236328,28.760000228881836,28.729999542236328,28.75,28.75,2436,,,,,,,2023-05-30 13:04:00-04:00
213,28.7450008392334,28.75510025024414,28.729999542236328,28.729999542236328,28.729999542236328,6240,,,,,,,2023-05-30 13:05:00-04:00
214,28.719999313354492,28.719999313354492,28.697200775146484,28.71339988708496,28.71339988708496,6989,,,,,,,2023-05-30 13:06:00-04:00
215,28.70829963684082,28.709999084472656,28.6299991607666,28.68000030517578,28.68000030517578,9664,,,,,,,2023-05-30 13:07:00-04:00
216,28.670000076293945,28.670000076293945,28.62619972229004,28.64620018005371,28.64620018005371,5731,,,,,,,2023-05-30 13:08:00-04:00
217,28.63010025024414,28.670000076293945,28.63010025024414,28.65999984741211,28.65999984741211,5488,,,,,,,2023-05-30 13:09:00-04:00
218,28.649999618530273,28.65999984741211,28.639999389648438,28.65999984741211,28.65999984741211,1144,,,,,,,2023-05-30 13:10:00-04:00
219,28.670000076293945,28.690000534057617,28.665000915527344,28.68000030517578,28.68000030517578,3215,,,,,,,2023-05-30 13:11:00-04:00
220,28.670000076293945,28.670000076293945,28.59000015258789,28.6200008392334,28.6200008392334,9194,,,,,,,2023-05-30 13:12:00-04:00
221,28.6299991607666,28.690000534057617,28.6299991607666,28.639999389648438,28.639999389648438,8304,,,,,,,2023-05-30 13:13:00-04:00
222,28.63599967956543,28.63599967956543,28.635000228881836,28.635000228881836,28.635000228881836,860,,,,,,,2023-05-30 13:14:00-04:00
223,28.63949966430664,28.649999618530273,28.63949966430664,28.649999618530273,28.649999618530273,419,,,,,,,2023-05-30 13:15:00-04:00
224,28.65999984741211,28.690000534057617,28.65999984741211,28.690000534057617,28.690000534057617,5613,,,,,,,2023-05-30 13:16:00-04:00
225,28.690000534057617,28.729999542236328,28.690000534057617,28.729999542236328,28.729999542236328,4939,,,,,,,2023-05-30 13:17:00-04:00
226,28.729999542236328,28.739999771118164,28.72010040283203,28.729999542236328,28.729999542236328,2795,,,,,,,2023-05-30 13:18:00-04:00
227,28.725000381469727,28.729999542236328,28.719999313354492,28.729999542236328,28.729999542236328,1534,,,,,,,2023-05-30 13:19:00-04:00
228,28.75,28.780000686645508,28.75,28.780000686645508,28.780000686645508,5431,,,,,,,2023-05-30 13:20:00-04:00
229,28.780000686645508,28.799999237060547,28.774999618530273,28.780000686645508,28.780000686645508,6429,,,,,,,2023-05-30 13:21:00-04:00
230,28.774999618530273,28.78499984741211,28.75,28.760000228881836,28.760000228881836,3733,,,,,,,2023-05-30 13:22:00-04:00
231,28.760000228881836,28.809999465942383,28.755199432373047,28.809999465942383,28.809999465942383,3877,,,,,,,2023-05-30 13:23:00-04:00
232,28.799999237060547,28.809999465942383,28.790000915527344,28.799999237060547,28.799999237060547,1774,,,,,,,2023-05-30 13:24:00-04:00
233,28.809999465942383,28.834999084472656,28.790000915527344,28.834999084472656,28.834999084472656,6835,,,,,,,2023-05-30 13:25:00-04:00
234,28.829999923706055,28.829999923706055,28.739999771118164,28.75,28.75,4667,,,,,,,2023-05-30 13:26:00-04:00
235,28.740999221801758,28.78499984741211,28.729999542236328,28.780000686645508,28.780000686645508,5071,,,,,,,2023-05-30 13:27:00-04:00
236,28.770000457763672,28.780000686645508,28.719999313354492,28.719999313354492,28.719999313354492,3318,,,,,,,2023-05-30 13:28:00-04:00
237,28.739999771118164,28.739999771118164,28.719999313354492,28.739999771118164,28.739999771118164,2343,,,,,,,2023-05-30 13:29:00-04:00
238,28.719999313354492,28.739999771118164,28.690000534057617,28.690000534057617,28.690000534057617,1539,,,,,,,2023-05-30 13:30:00-04:00
239,28.690000534057617,28.739999771118164,28.690000534057617,28.690000534057617,28.690000534057617,5598,,,,,,,2023-05-30 13:31:00-04:00
240,28.690000534057617,28.700000762939453,28.66010093688965,28.700000762939453,28.700000762939453,8253,,,,,,,2023-05-30 13:32:00-04:00
241,28.68910026550293,28.80500030517578,28.68560028076172,28.7549991607666,28.7549991607666,11592,,,,,,,2023-05-30 13:33:00-04:00
242,28.75,28.770000457763672,28.709999084472656,28.71500015258789,28.71500015258789,10962,,,,,,,2023-05-30 13:34:00-04:00
243,28.709999084472656,28.738399505615234,28.709999084472656,28.709999084472656,28.709999084472656,1329,,,,,,,2023-05-30 13:35:00-04:00
244,28.729999542236328,28.760000228881836,28.729999542236328,28.7549991607666,28.7549991607666,2255,,,,,,,2023-05-30 13:36:00-04:00
245,28.764999389648438,28.770000457763672,28.760000228881836,28.760000228881836,28.760000228881836,402,,,,,,,2023-05-30 13:37:00-04:00
246,28.761199951171875,28.761199951171875,28.719999313354492,28.735000610351562,28.735000610351562,23131,,,,,,,2023-05-30 13:38:00-04:00
247,28.72010040283203,28.739999771118164,28.71500015258789,28.729999542236328,28.729999542236328,2466,,,,,,,2023-05-30 13:39:00-04:00
248,28.709999084472656,28.709999084472656,28.65999984741211,28.670000076293945,28.670000076293945,6541,,,,,,,2023-05-30 13:40:00-04:00
249,28.68000030517578,28.6875,28.675800323486328,28.68000030517578,28.68000030517578,1888,,,,,,,2023-05-30 13:41:00-04:00
250,28.690000534057617,28.719999313354492,28.68000030517578,28.700000762939453,28.700000762939453,6411,,,,,,,2023-05-30 13:42:00-04:00
251,28.690000534057617,28.700000762939453,28.639999389648438,28.639999389648438,28.639999389648438,5602,,,,,,,2023-05-30 13:43:00-04:00
252,28.655000686645508,28.684999465942383,28.655000686645508,28.684999465942383,28.684999465942383,1540,,,,,,,2023-05-30 13:45:00-04:00
253,28.69499969482422,28.69499969482422,28.690000534057617,28.690000534057617,28.690000534057617,1069,,,,,,,2023-05-30 13:46:00-04:00
254,28.700000762939453,28.700000762939453,28.68000030517578,28.68000030517578,28.68000030517578,926,,,,,,,2023-05-30 13:47:00-04:00
255,28.709999084472656,28.7549991607666,28.704999923706055,28.735000610351562,28.735000610351562,4337,,,,,,,2023-05-30 13:48:00-04:00
256,28.729999542236328,28.739999771118164,28.71310043334961,28.71500015258789,28.71500015258789,3818,,,,,,,2023-05-30 13:49:00-04:00
257,28.709999084472656,28.709999084472656,28.684999465942383,28.700000762939453,28.700000762939453,1952,,,,,,,2023-05-30 13:50:00-04:00
258,28.709999084472656,28.709999084472656,28.709999084472656,28.709999084472656,28.709999084472656,693,,,,,,,2023-05-30 13:51:00-04:00
259,28.700000762939453,28.719999313354492,28.690000534057617,28.719999313354492,28.719999313354492,4278,,,,,,,2023-05-30 13:52:00-04:00
260,28.709999084472656,28.71500015258789,28.649999618530273,28.65999984741211,28.65999984741211,4861,,,,,,,2023-05-30 13:53:00-04:00
261,28.65999984741211,28.670000076293945,28.655000686645508,28.655000686645508,28.655000686645508,1361,,,,,,,2023-05-30 13:54:00-04:00
262,28.65999984741211,28.670000076293945,28.649999618530273,28.665000915527344,28.665000915527344,6534,,,,,,,2023-05-30 13:55:00-04:00
263,28.670000076293945,28.670000076293945,28.645000457763672,28.649999618530273,28.649999618530273,1375,,,,,,,2023-05-30 13:56:00-04:00
264,28.639999389648438,28.645000457763672,28.6200008392334,28.63920021057129,28.63920021057129,2277,,,,,,,2023-05-30 13:57:00-04:00
265,28.639999389648438,28.709999084472656,28.639999389648438,28.709999084472656,28.709999084472656,2350,,,,,,,2023-05-30 13:58:00-04:00
266,28.69499969482422,28.700000762939453,28.68000030517578,28.69499969482422,28.69499969482422,2390,,,,,,,2023-05-30 13:59:00-04:00
267,28.698999404907227,28.717199325561523,28.684999465942383,28.700000762939453,28.700000762939453,3807,,,,,,,2023-05-30 14:00:00-04:00
268,28.719999313354492,28.719999313354492,28.689599990844727,28.689599990844727,28.689599990844727,4004,,,,,,,2023-05-30 14:01:00-04:00
269,28.700000762939453,28.729999542236328,28.700000762939453,28.729999542236328,28.729999542236328,2607,,,,,,,2023-05-30 14:02:00-04:00
270,28.709999084472656,28.709999084472656,28.690000534057617,28.690000534057617,28.690000534057617,1309,,,,,,,2023-05-30 14:03:00-04:00
271,28.690000534057617,28.700000762939453,28.690000534057617,28.700000762939453,28.700000762939453,2252,,,,,,,2023-05-30 14:04:00-04:00
272,28.700000762939453,28.719999313354492,28.690000534057617,28.690000534057617,28.690000534057617,6111,,,,,,,2023-05-30 14:05:00-04:00
273,28.68000030517578,28.700000762939453,28.670000076293945,28.68000030517578,28.68000030517578,1945,,,,,,,2023-05-30 14:06:00-04:00
274,28.670000076293945,28.67289924621582,28.65999984741211,28.670000076293945,28.670000076293945,2015,,,,,,,2023-05-30 14:07:00-04:00
275,28.68000030517578,28.690000534057617,28.639999389648438,28.639999389648438,28.639999389648438,2299,,,,,,,2023-05-30 14:08:00-04:00
276,28.639999389648438,28.65999984741211,28.639999389648438,28.641599655151367,28.641599655151367,2362,,,,,,,2023-05-30 14:09:00-04:00
277,28.639999389648438,28.670000076293945,28.639999389648438,28.670000076293945,28.670000076293945,1292,,,,,,,2023-05-30 14:10:00-04:00
278,28.690000534057617,28.739999771118164,28.690000534057617,28.739999771118164,28.739999771118164,5247,,,,,,,2023-05-30 14:11:00-04:00
279,28.725000381469727,28.729999542236328,28.709999084472656,28.719999313354492,28.719999313354492,2960,,,,,,,2023-05-30 14:12:00-04:00
280,28.729999542236328,28.739999771118164,28.729700088500977,28.729999542236328,28.729999542236328,2593,,,,,,,2023-05-30 14:13:00-04:00
281,28.729999542236328,28.75,28.729999542236328,28.7450008392334,28.7450008392334,6547,,,,,,,2023-05-30 14:14:00-04:00
282,28.739999771118164,28.75,28.719999313354492,28.75,28.75,5802,,,,,,,2023-05-30 14:15:00-04:00
283,28.75,28.760000228881836,28.739999771118164,28.75,28.75,20351,,,,,,,2023-05-30 14:16:00-04:00
284,28.739999771118164,28.739999771118164,28.735000610351562,28.735000610351562,28.735000610351562,1461,,,,,,,2023-05-30 14:17:00-04:00
285,28.729999542236328,28.739999771118164,28.729999542236328,28.729999542236328,28.729999542236328,2058,,,,,,,2023-05-30 14:18:00-04:00
286,28.739999771118164,28.739999771118164,28.735700607299805,28.739999771118164,28.739999771118164,1639,,,,,,,2023-05-30 14:19:00-04:00
287,28.739999771118164,28.7450008392334,28.735000610351562,28.739999771118164,28.739999771118164,5478,,,,,,,2023-05-30 14:20:00-04:00
288,28.75,28.75,28.729999542236328,28.739999771118164,28.739999771118164,2781,,,,,,,2023-05-30 14:21:00-04:00
289,28.75,28.760000228881836,28.739999771118164,28.760000228881836,28.760000228881836,11450,,,,,,,2023-05-30 14:22:00-04:00
290,28.760000228881836,28.799999237060547,28.760000228881836,28.799999237060547,28.799999237060547,6922,,,,,,,2023-05-30 14:23:00-04:00
291,28.795000076293945,28.825199127197266,28.795000076293945,28.81999969482422,28.81999969482422,2423,,,,,,,2023-05-30 14:24:00-04:00
292,28.815000534057617,28.815000534057617,28.795000076293945,28.809999465942383,28.809999465942383,21733,,,,,,,2023-05-30 14:25:00-04:00
293,28.809999465942383,28.829999923706055,28.809999465942383,28.829999923706055,28.829999923706055,1503,,,,,,,2023-05-30 14:26:00-04:00
294,28.81999969482422,28.825300216674805,28.809999465942383,28.81999969482422,28.81999969482422,3585,,,,,,,2023-05-30 14:27:00-04:00
295,28.829999923706055,28.844999313354492,28.81999969482422,28.844999313354492,28.844999313354492,5498,,,,,,,2023-05-30 14:28:00-04:00
296,28.844999313354492,28.8799991607666,28.844999313354492,28.8799991607666,28.8799991607666,1659,,,,,,,2023-05-30 14:29:00-04:00
297,28.889999389648438,28.889999389648438,28.844999313354492,28.8700008392334,28.8700008392334,4356,,,,,,,2023-05-30 14:30:00-04:00
298,28.889999389648438,28.899999618530273,28.8799991607666,28.889999389648438,28.889999389648438,3157,,,,,,,2023-05-30 14:31:00-04:00
299,28.889999389648438,28.920000076293945,28.889999389648438,28.920000076293945,28.920000076293945,7198,,,,,,,2023-05-30 14:32:00-04:00
300,28.93000030517578,28.934999465942383,28.899999618530273,28.899999618530273,28.899999618530273,2970,,,,,,,2023-05-30 14:33:00-04:00
301,28.899999618530273,28.93000030517578,28.899999618530273,28.90999984741211,28.90999984741211,2206,,,,,,,2023-05-30 14:34:00-04:00
302,28.899999618530273,28.940000534057617,28.899999618530273,28.940000534057617,28.940000534057617,2158,,,,,,,2023-05-30 14:35:00-04:00
303,28.93000030517578,28.959999084472656,28.899999618530273,28.950000762939453,28.950000762939453,5893,,,,,,,2023-05-30 14:36:00-04:00
304,28.950000762939453,28.96500015258789,28.950000762939453,28.950000762939453,28.950000762939453,1924,,,,,,,2023-05-30 14:37:00-04:00
305,28.959999084472656,28.98699951171875,28.959999084472656,28.969999313354492,28.969999313354492,2885,,,,,,,2023-05-30 14:38:00-04:00
306,28.9689998626709,28.989999771118164,28.9689998626709,28.989999771118164,28.989999771118164,5451,,,,,,,2023-05-30 14:39:00-04:00
307,28.985000610351562,28.9950008392334,28.979999542236328,28.979999542236328,28.979999542236328,3462,,,,,,,2023-05-30 14:40:00-04:00
308,28.985000610351562,29.0,28.979999542236328,29.0,29.0,3348,,,,,,,2023-05-30 14:41:00-04:00
309,28.99720001220703,29.010000228881836,28.979999542236328,29.010000228881836,29.010000228881836,9397,,,,,,,2023-05-30 14:42:00-04:00
310,29.0049991607666,29.010000228881836,28.9950008392334,29.0049991607666,29.0049991607666,6040,,,,,,,2023-05-30 14:43:00-04:00
311,29.00950050354004,29.010000228881836,28.989999771118164,29.010000228881836,29.010000228881836,6105,,,,,,,2023-05-30 14:44:00-04:00
312,29.020000457763672,29.020000457763672,28.950000762939453,28.959999084472656,28.959999084472656,7786,,,,,,,2023-05-30 14:45:00-04:00
313,28.959999084472656,28.9950008392334,28.959999084472656,28.979999542236328,28.979999542236328,6902,,,,,,,2023-05-30 14:46:00-04:00
314,28.979999542236328,28.989999771118164,28.979999542236328,28.989999771118164,28.989999771118164,2611,,,,,,,2023-05-30 14:47:00-04:00
315,29.0,29.0,28.989999771118164,29.0,29.0,6528,,,,,,,2023-05-30 14:48:00-04:00
316,28.989999771118164,29.010000228881836,28.989999771118164,29.010000228881836,29.010000228881836,4738,,,,,,,2023-05-30 14:49:00-04:00
317,29.010000228881836,29.010000228881836,28.959999084472656,28.959999084472656,28.959999084472656,7350,,,,,,,2023-05-30 14:50:00-04:00
318,29.0,29.0,29.0,29.0,29.0,403,,,,,,,2023-05-30 14:51:00-04:00
319,29.010000228881836,29.010000228881836,28.959999084472656,28.959999084472656,28.959999084472656,3397,,,,,,,2023-05-30 14:52:00-04:00
320,28.959999084472656,28.969999313354492,28.959999084472656,28.959999084472656,28.959999084472656,861,,,,,,,2023-05-30 14:53:00-04:00
321,28.969999313354492,29.020000457763672,28.969999313354492,29.014999389648438,29.014999389648438,2055,,,,,,,2023-05-30 14:54:00-04:00
322,29.020000457763672,29.030000686645508,29.00670051574707,29.010000228881836,29.010000228881836,7655,,,,,,,2023-05-30 14:55:00-04:00
323,29.020000457763672,29.030000686645508,29.014999389648438,29.024999618530273,29.024999618530273,1462,,,,,,,2023-05-30 14:56:00-04:00
324,29.024999618530273,29.03499984741211,29.024999618530273,29.030000686645508,29.030000686645508,4195,,,,,,,2023-05-30 14:57:00-04:00
325,29.020000457763672,29.020000457763672,28.940000534057617,28.954999923706055,28.954999923706055,9437,,,,,,,2023-05-30 14:58:00-04:00
326,28.959999084472656,28.959999084472656,28.8700008392334,28.8700008392334,28.8700008392334,23632,,,,,,,2023-05-30 14:59:00-04:00
327,28.860000610351562,28.899999618530273,28.860000610351562,28.899999618530273,28.899999618530273,3729,,,,,,,2023-05-30 15:00:00-04:00
328,28.920000076293945,28.950000762939453,28.920000076293945,28.950000762939453,28.950000762939453,5389,,,,,,,2023-05-30 15:01:00-04:00
329,28.950000762939453,28.989999771118164,28.93000030517578,28.940000534057617,28.940000534057617,11840,,,,,,,2023-05-30 15:02:00-04:00
330,28.954999923706055,28.959999084472656,28.93000030517578,28.93000030517578,28.93000030517578,1702,,,,,,,2023-05-30 15:03:00-04:00
331,28.93000030517578,28.96470069885254,28.93000030517578,28.96470069885254,28.96470069885254,3585,,,,,,,2023-05-30 15:04:00-04:00
332,28.959999084472656,28.969999313354492,28.93000030517578,28.93000030517578,28.93000030517578,7078,,,,,,,2023-05-30 15:05:00-04:00
333,28.924999237060547,28.969999313354492,28.924999237060547,28.969999313354492,28.969999313354492,5836,,,,,,,2023-05-30 15:06:00-04:00
334,28.979999542236328,28.979999542236328,28.959999084472656,28.959999084472656,28.959999084472656,3236,,,,,,,2023-05-30 15:07:00-04:00
335,28.969999313354492,28.989999771118164,28.969999313354492,28.969999313354492,28.969999313354492,5013,,,,,,,2023-05-30 15:08:00-04:00
336,28.959999084472656,28.959999084472656,28.950000762939453,28.959999084472656,28.959999084472656,4199,,,,,,,2023-05-30 15:09:00-04:00
337,28.950000762939453,28.989999771118164,28.940000534057617,28.989999771118164,28.989999771118164,4350,,,,,,,2023-05-30 15:10:00-04:00
338,28.9950008392334,29.020000457763672,28.9950008392334,29.020000457763672,29.020000457763672,2935,,,,,,,2023-05-30 15:11:00-04:00
339,29.012399673461914,29.020000457763672,28.9950008392334,28.9950008392334,28.9950008392334,6050,,,,,,,2023-05-30 15:12:00-04:00
340,29.0,29.010000228881836,28.979999542236328,29.0,29.0,5973,,,,,,,2023-05-30 15:13:00-04:00
341,28.989999771118164,29.010000228881836,28.959999084472656,29.010000228881836,29.010000228881836,6190,,,,,,,2023-05-30 15:14:00-04:00
342,29.020000457763672,29.040000915527344,29.0,29.0,29.0,4173,,,,,,,2023-05-30 15:15:00-04:00
343,28.989999771118164,29.00860023498535,28.975000381469727,28.975000381469727,28.975000381469727,3376,,,,,,,2023-05-30 15:16:00-04:00
344,28.975000381469727,29.0,28.969999313354492,28.9950008392334,28.9950008392334,7862,,,,,,,2023-05-30 15:17:00-04:00
345,28.989999771118164,29.0,28.989999771118164,28.989999771118164,28.989999771118164,3244,,,,,,,2023-05-30 15:18:00-04:00
346,28.985000610351562,28.985000610351562,28.93000030517578,28.940000534057617,28.940000534057617,8382,,,,,,,2023-05-30 15:19:00-04:00
347,28.950000762939453,28.950000762939453,28.920000076293945,28.950000762939453,28.950000762939453,6317,,,,,,,2023-05-30 15:20:00-04:00
348,28.950000762939453,28.950000762939453,28.93000030517578,28.950000762939453,28.950000762939453,9701,,,,,,,2023-05-30 15:21:00-04:00
349,28.959999084472656,29.0049991607666,28.959999084472656,28.985000610351562,28.985000610351562,5021,,,,,,,2023-05-30 15:22:00-04:00
350,29.0,29.009899139404297,28.985000610351562,29.009899139404297,29.009899139404297,3626,,,,,,,2023-05-30 15:23:00-04:00
351,29.010000228881836,29.049999237060547,29.0049991607666,29.045000076293945,29.045000076293945,4453,,,,,,,2023-05-30 15:24:00-04:00
352,29.049999237060547,29.09000015258789,29.045000076293945,29.065000534057617,29.065000534057617,19412,,,,,,,2023-05-30 15:25:00-04:00
353,29.059999465942383,29.110000610351562,29.05500030517578,29.09000015258789,29.09000015258789,12185,,,,,,,2023-05-30 15:26:00-04:00
354,29.09749984741211,29.100000381469727,29.06999969482422,29.079999923706055,29.079999923706055,6520,,,,,,,2023-05-30 15:27:00-04:00
355,29.075000762939453,29.079999923706055,29.06999969482422,29.075000762939453,29.075000762939453,4410,,,,,,,2023-05-30 15:28:00-04:00
356,29.075000762939453,29.079999923706055,29.020000457763672,29.030000686645508,29.030000686645508,11389,,,,,,,2023-05-30 15:29:00-04:00
357,29.030000686645508,29.06999969482422,29.020000457763672,29.06999969482422,29.06999969482422,8284,,,,,,,2023-05-30 15:30:00-04:00
358,29.059999465942383,29.06999969482422,29.030000686645508,29.06999969482422,29.06999969482422,19883,,,,,,,2023-05-30 15:31:00-04:00
359,29.06999969482422,29.079999923706055,29.049999237060547,29.079999923706055,29.079999923706055,21081,,,,,,,2023-05-30 15:32:00-04:00
360,29.06999969482422,29.079999923706055,29.049999237060547,29.06999969482422,29.06999969482422,9822,,,,,,,2023-05-30 15:33:00-04:00
361,29.068599700927734,29.100000381469727,29.059999465942383,29.100000381469727,29.100000381469727,6783,,,,,,,2023-05-30 15:34:00-04:00
362,29.100000381469727,29.110000610351562,29.059999465942383,29.06999969482422,29.06999969482422,13345,,,,,,,2023-05-30 15:35:00-04:00
363,29.059999465942383,29.079999923706055,29.040000915527344,29.079999923706055,29.079999923706055,15975,,,,,,,2023-05-30 15:36:00-04:00
364,29.079999923706055,29.1299991607666,29.079999923706055,29.09000015258789,29.09000015258789,12155,,,,,,,2023-05-30 15:37:00-04:00
365,29.094999313354492,29.110000610351562,29.089000701904297,29.09000015258789,29.09000015258789,6843,,,,,,,2023-05-30 15:38:00-04:00
366,29.100000381469727,29.110000610351562,29.079999923706055,29.109699249267578,29.109699249267578,14244,,,,,,,2023-05-30 15:39:00-04:00
367,29.100000381469727,29.100000381469727,28.969999313354492,28.969999313354492,28.969999313354492,20986,,,,,,,2023-05-30 15:40:00-04:00
368,28.959999084472656,29.079999923706055,28.950000762939453,29.065000534057617,29.065000534057617,42280,,,,,,,2023-05-30 15:41:00-04:00
369,29.059999465942383,29.136600494384766,29.059999465942383,29.100000381469727,29.100000381469727,14781,,,,,,,2023-05-30 15:42:00-04:00
370,29.09000015258789,29.100000381469727,29.030000686645508,29.030000686645508,29.030000686645508,8906,,,,,,,2023-05-30 15:43:00-04:00
371,29.020000457763672,29.040000915527344,29.0,29.020000457763672,29.020000457763672,15764,,,,,,,2023-05-30 15:44:00-04:00
372,29.020000457763672,29.06999969482422,29.0,29.06999969482422,29.06999969482422,44003,,,,,,,2023-05-30 15:45:00-04:00
373,29.075000762939453,29.075000762939453,29.030000686645508,29.03499984741211,29.03499984741211,17865,,,,,,,2023-05-30 15:46:00-04:00
374,29.030000686645508,29.030000686645508,28.989999771118164,29.014999389648438,29.014999389648438,12304,,,,,,,2023-05-30 15:47:00-04:00
375,29.014999389648438,29.049999237060547,28.979999542236328,29.03499984741211,29.03499984741211,69356,,,,,,,2023-05-30 15:48:00-04:00
376,29.03499984741211,29.03499984741211,29.0,29.01849937438965,29.01849937438965,9756,,,,,,,2023-05-30 15:49:00-04:00
377,29.010000228881836,29.010000228881836,28.93000030517578,28.940000534057617,28.940000534057617,27336,,,,,,,2023-05-30 15:50:00-04:00
378,28.940000534057617,28.979999542236328,28.940000534057617,28.94499969482422,28.94499969482422,23569,,,,,,,2023-05-30 15:51:00-04:00
379,28.94499969482422,28.954999923706055,28.90999984741211,28.940000534057617,28.940000534057617,20540,,,,,,,2023-05-30 15:52:00-04:00
380,28.94499969482422,28.969999313354492,28.889999389648438,28.905000686645508,28.905000686645508,22206,,,,,,,2023-05-30 15:53:00-04:00
381,28.905000686645508,28.924999237060547,28.8700008392334,28.905000686645508,28.905000686645508,32459,,,,,,,2023-05-30 15:54:00-04:00
382,28.899999618530273,28.959999084472656,28.899999618530273,28.959999084472656,28.959999084472656,29456,,,,,,,2023-05-30 15:55:00-04:00
383,28.954999923706055,28.969999313354492,28.920000076293945,28.93000030517578,28.93000030517578,34708,,,,,,,2023-05-30 15:56:00-04:00
384,28.93000030517578,28.969999313354492,28.924999237060547,28.96500015258789,28.96500015258789,37899,,,,,,,2023-05-30 15:57:00-04:00
385,28.96500015258789,28.975000381469727,28.94499969482422,28.950000762939453,28.950000762939453,50962,,,,,,,2023-05-30 15:58:00-04:00
386,28.950000762939453,28.969999313354492,28.889999389648438,28.920000076293945,28.920000076293945,79882,,,,,,,2023-05-30 15:59:00-04:00
